0,4136
00,14
000,18712
0001,14
000d,1
000km,70
000km2,14
000m,7
000m2,91
000mah,14
000đ,3
001,7
007,30
009,7
01,29
015,7
016,14
017,7
026,7
02h00,49
03,44
031,7
036,14
04,44
040,7
045,7
046,14
05,21
055,7
0555,7
056,8
058,7
06,28
060,14
064,14
06h,8
075,7
076,14
079,7
08,36
088,7
09,7
0h,359
0h00,15
0l,7
1,23683
10,13006
100,5416
1000,191
1000m2,8
1001,16
100cm,8
100ha,8
100kg,55
100km,14
100m,29
100m2,8
100ml,7
100x,8
101,71
101kg,8
102,40
1022,8
103,54
104,31
105,140
106,40
1062,8
107,37
1078,8
108,64
109,16
10kg,24
10km,16
10m,16
10m2,8
10t,16
10x,168
11,4120
110,225
111,56
112,101
113,84
114,78
115,86
116,163
116m,7
117,54
118,63
119,31
11cm,8
11h,8
11m,84
12,5511
120,539
1200,16
120hz,8
120km,15
120m2,8
120w,14
120x,8
121,55
122,55
123,48
124,15
125,148
1250,8
125cc,8
125w,7
126,84
127,86
128,46
129,31
1291,16
12a,56
12b,8
12gb,7
12h,40
12s,8
13,2354
130,223
1300m2,8
131,47
132,56
133,39
134,39
1342,8
1347,48
135,53
1358,8
135kg,8
136,70
1366,8
137,55
138,54
1381,8
139,32
13h,16
13h30,8
14,2533
140,246
1400,8
1400m2,8
1402,8
1405,8
141,31
1410,8
1413,8
142,59
1420,8
143,39
1433,8
144,85
1440,104
145,61
1451,8
1452,32
146,557
147,24
148,56
149,40
14h,16
15,3892
150,953
1500,16
1500m2,8
150cc,8
150kg,8
150km,8
151,16
152,143
1520,8
1522,8
153,8
1536,8
154,53
155,39
1553,8
156,22
157,55
159,55
15a,8
15cm,8
15e,7
15h,143
15h00,8
15m,15
15x,7
16,2245
160,228
160m2,7
161,30
1611,8
162,15
163,22
164,22
165,75
1659,8
166,40
1660,8
167,15
168,24
169,16
16h,40
16m2,8
17,1797
170,166
1700,8
171,32
172,37
173,24
174,22
175,37
175kg,7
176,144
177,24
178,24
179,24
17h,32
17t4,8
18,1858
180,373
180m2,7
181,23
181ha,8
182,23
183,16
184,16
185,16
186,15
188,32
1883,8
1886,8
189,176
1891,8
18h,149
18h00,8
18m2,16
19,50456
190,138
191,8
1918,8
192,23
193,22
194,526
195,15
1959,8
196,15
1960,7
1961,8
1962,8
1964,7
1965,8
1968,7
197,8
1970,8
1972,7
1974,8
1975,8
1976,7
1979,8
198,30
1980,22
1983,8
1984,15
1988,22
199,14
1990,15
1992,30
1993,8
1994,8
1995,126
1996,15
1997,8
19h,16
1a,31
1b,21
1h,32
1kg,46
1km,32
1m,39
1m50,8
1m52,23
1m53,7
1m58,8
1m68,7
1m70,39
1m71,7
1m72,8
1m75,8
1m79,8
1m80,24
1m83,8
1m85,7
1mdb,15
2,30666
20,4883
200,3676
2000,189
2000cc,8
2000m2,15
2001,24
2002,31
2003,23
2004,7
2005,8
2008,70
2009,71
200km,7
200m,24
200m2,52
200usd,8
201,23
2010,76
2011,59
2012,90
2013,144
2014,431
2015,1488
2016,2458
2017,3341
2018,5809
2019,4851
2020,7846
2021,3181
2022,612
2023,69
2024,181
2025,221
2026,38
2027,8
2028,8
2030,96
2035,23
2036,8
204,24
2040,8
2045,15
205,15
2050,61
206,24
207,16
208,8
209,23
20cm,8
20h,60
20h00,7
20kg,30
20km,53
20m,15
20m2,7
20w,8
21,1313
210,44
2107,7
211,31
212,35
213,80
214,15
215,16
216,8
217,8
218,23
21d,8
21h,30
22,1410
220,68
221,8
222,31
223,24
223km,14
224,23
225,53
226,14
227,15
228,8
229,200
22h,40
22kg,8
22kv,16
22m3,42
22m3m,7
23,1355
230,225
231,119
232,16
233,40
234,16
235,8
237,32
238,16
239,24
23cm,8
23h,28
23h00,42
23h45,36
23kg,8
23m2,16
24,1998
240,134
242,8
2424,16
243,48
244,38
245,175
246,15
247,16
248,16
249,23
24gold,8
24h,92
24k,46
24pu1,7
25,2088
250,516
2500,8
250kg,8
251,30
252,15
2529,8
253,40
253m2,208
254,8
255,16
2554,8
256,16
257,15
2571,8
257km,7
258,8
259,32
25m,7
25m2,105
25sm,7
25w,8
26,1305
260,78
262,8
264,31
265,30
266,8
267,39
268,15
269,16
26m2,8
27,1338
270,100
270kg,8
271,8
272,24
273,8
274,8
275,84
276,16
277,23
278,8
279,8
27kg,8
28,1228
280,61
280kg,8
281,8
283,8
284,8
285,40
287,8
288,15
289,8
2899,16
28m2,8
28n,14
29,787
290,94
292,16
293,24
294,8
295,8
299,38
29ha,16
29l,7
2h,59
2h00,49
2ha,7
2k,39
2kg,7
2m,37
2m2,7
3,20540
30,5232
300,3523
3000,24
3008,8
300ha,8
300i,8
300kg,24
300km,14
300m,15
300m2,32
300mbps,8
300pm,7
300v4,7
301,8
302,15
304,40
305,23
306,8
307,8
308,8
309,16
30cm,8
30ha,24
30kg,23
30km,8
30m2,7
30mk2,36
30mki,7
30mm,8
30sm,56
31,740
310,24
310cc,16
311,7
313,7
314,8
315,24
318,15
319,8
31bm,14
31usd,7
32,534
320,98
321,8
322,16
323,7
324,22
325,29
326,16
3268,8
327,32
328,31
32ha,64
33,455
330,69
330kg,8
331,14
3310,8
332,8
334,14
335,8
336,22
337,56
34,690
340,102
341,7
342,14
343,16
344,15
345,31
346,16
347,7
349,24
35,1812
350,302
350km,7
350m2,8
350z,8
353,24
354,16
355,30
357,8
358,8
359,15
35a,35
35b,49
35c,14
35m,7
35m2,8
35ms,7
35s,56
36,627
360,332
360c,8
362,15
3625m,8
365,31
366,8
367,7
368,8
36m2,16
37,420
370,31
371,8
372,8
373,15
374,15
375,15
376,15
377,24
38,403
380,46
382,22
384,23
385,22
386,8
387,8
389,40
38m,8
39,761
390,54
391,7
392,7
393,8
396,7
399,8
3a,8
3c,14
3d,166
3g,29
3h,23
3kg,31
3km,31
3m,55
3m2,40
3p,8
4,14516
40,2419
400,3246
4000,24
4000m2,16
400kg,8
400km,8
400m2,24
401,8
407,7
408,31
409,8
409km,8
40km,8
40m2,15
40ºc,3
41,363
410,15
411,8
413,8
415,24
416,32
417,23
418,16
419,8
42,368
420,32
423,16
424,8
425,24
426,7
427,8
42kg,8
42km,8
43,378
430,31
431,8
432,8
433,15
434,15
435,15
436,7
437,16
438,15
43ha,8
44,382
440,55
442,7
443,7
444,8
445,7
448,8
45,662
450,229
4500,8
4500m2,8
450kg,8
453,8
455,8
456,7
457,15
458,7
459,8
45kg,8
45m,16
45m2,16
45w,8
46,308
460,55
4600,8
462,8
463,16
465,16
467,8
468,8
469,22
46a,7
46cm,8
47,221
470,29
471,15
472,15
473,8
478,8
48,349
480,54
482,8
483,7
49,339
490,51
495,8
497,8
498,8
499,15
49m2,8
4b,8
4cv,8
4d,8
4g,68
4h,15
4k,8
4kg,7
4km,7
4m,8
5,16078
50,3340
500,3778
5000,32
500ha,7
500kg,8
500km,7
500m2,7
500mm,7
501,15
502,8
506,8
509,8
50cc,8
50kg,8
50km,8
50m2,16
50usd,7
51,213
511,15
514,23
516,16
517,15
518,8
519,7
51cm,8
52,577
520,46
521,8
522,7
523,22
524,8
525,22
526,8
527,8
528,15
529,14
52k,7
52m,7
53,289
530,31
533,8
536,7
54,255
540,31
540m2,8
542,23
545,31
547m,8
548,7
549,8
55,486
550,99
550km,7
552,8
554,8
555,7
556,24
557,7
558,14
559,7
55m2,16
56,193
560,46
563,8
564,7
565,24
566,22
567,7
568,16
569,8
56cm,16
56m,7
57,525
570,48
571,15
572,7
573,8
575,8
578,15
58,328
580,23
583,16
588,8
589,7
58cm,8
59,172
590,8
592,7
594,8
595,7
598,8
599,8
5g,474
5ghz,7
5h,40
5ha,8
5k,14
5kg,8
5km,14
5l,7
5m,29
5p,8
5r,8
5s,8
5t,8
6,9787
60,1511
600,1633
6000,56
600kg,16
600km,8
600m,7
600m2,7
601,8
602,15
603,23
606,8
607,8
60kg,7
60m2,8
60r,7
61,315
610,8
612,8
613,7
615,8
616,8
62,875
620,24
620kg,8
621,15
622m2,8
624,30
626,8
627,8
628,7
629,8
63,220
630,71
6300,8
631,45
634,8
636,8
637,16
639,8
63m2,8
64,174
640,51
641,15
642,15
644,15
646,8
647km,8
65,342
650,109
650cv,8
651,16
652,7
653,8
654,7
65m2,8
65w,32
66,169
660,21
662,8
663,7
666,8
668,15
669,7
67,237
670,55
674,8
675,8
675lt,8
678,8
68,522
680,22
684,7
685,7
688,7
689,8
69,98
690,16
691,7
692,7
696,7
699,23
699usd,8
6d,2
6g,22
6h,23
6ha,7
6kg,23
6l,7
6m2,15
6s,40
6đ,3
7,9638
70,1574
700,1457
7000,48
700km,16
700m2,24
701,7
702,16
705,15
707,15
70k,7
70m2,16
71,179
710,22
711,8
712,8
713,7
714,24
716,8
718,16
719,8
72,280
720,39
722,8
727,8
729,16
72b3,7
73,193
730,46
733,14
735,8
736,22
737,144
739,8
74,187
740,30
746,7
747,8
748,21
749,15
75,686
750,144
755,16
758,7
759,15
76,211
760,24
761,8
763,22
764,15
765,7
765g,7
766,21
768,8
768g,7
77,161
770,14
774,8
775,16
78,144
780,16
781,7
787,22
79,101
790,30
792,15
796,8
7cm,8
7h,31
7h30,8
7kg,23
7km,14
7m,7
7x,23
8,8281
80,1281
800,1334
8000,16
8009,7
800km,7
800m,8
800m2,15
800usd,7
801,7
803,8
805,8
806,7
808,8
809,7
80a,21
80b,39
80m2,8
80mg,7
80w,8
81,212
810,15
811,8
812,15
815,8
82,154
820,8
821,23
823,8
824,8
827,16
828,8
83,156
830,30
832,7
833,15
835,7
83m,92
84,140
840,8
840km,8
841,8
842,8
843km,8
845,7
849,8
85,270
850,110
850d,7
851,7
853,8
854,7
855,15
86,74
860,15
860usd,7
862,8
863,8
864,7
865,15
866,7
867,30
87,102
870,7
8700,8
872,8
879,8
88,124
882,7
885,14
886,56
887,8
888,16
89,84
893,8
895,8
896,7
898,7
8a,14
8b,8
8h,15
8h30,14
8k,7
8kg,8
8l,7
8m,14
8m2,8
8t,8
8x,470
9,6304
90,1223
900,631
9000,80
909,8
90a,28
90k,7
90m2,8
90ms,7
91,173
910,40
913,7
92,416
920,24
924,8
925,14
926,7
928,8
92m,7
93,151
930,16
931,7
936,16
938,8
94,135
940,8
943,8
947,7
95,462
950,64
958,8
95m2,8
95ms,28
96,89
960,22
967,8
968,8
96m,7
97,142
98,134
981,44
983,8
989,16
99,318
990,15
991,23
991b,8
994,7
997,7
998,8
999,16
9999,8
99999,40
9m2,8
9m729,8
9x,1364
a,3094
a0,8
a05,8
a1,24
a3,16
a4,8
a5,15
a6,16
a7,8
a83,8
a8l,8
a92,55
a93,15
a95,24
aac,8
abameyang,8
abbank,24
abdala,24
abdulrahman,7
abe,285
abkhazia,7
abraham,39
abramovich,32
abs,8
abu,31
ac,378
acapella,24
acb,95
accent,78
accord,24
acer,8
ach,39
achilles,7
acv,71
adam,8
adama,8
adayroi,15
adb,100
adidas,16
adisak,16
adiz,119
admicro,101
admin,8
adn,40
adrian,8
adriano,8
adv,7
adventure,40
aec,103
aegis,24
aeon,8
aerobic,8
aerosol,7
aew,8
afc,1179
aff,1976
afghanistan,69
afif,8
afp,7
africa,16
afrin,8
ag,8
agm,7
agoda,15
agribank,8
agrico,101
aguero,198
ahmad,8
ahn,15
ahrar,8
ai,5173
aids,7
aiib,62
aikido,8
ailen,7
aim,7
aipa,8
air,301
airbus,8
airlines,444
airpods,79
airpower,8
airtag,8
airways,32
aiways,8
ajax,294
ak,14
akihito,32
akira,495
akram,8
akula,15
al,425
alaba,8
alan,32
alaska,117
alaves,51
alba,16
albania,8
alc,16
alcacer,8
alcantara,24
alderweireld,32
aleppo,1668
alex,190
alexander,93
alexandre,8
alexis,160
alfred,48
algeria,132
ali,32
alibaba,690
alisson,40
all,31
alli,32
almoez,8
alonso,32
alpha,15
alphard,8
alpine,8
altis,79
altyn,48
alumin,48
alumina,8
alvaro,24
alves,31
am,1638
amad,16
amadea,8
amata,23
amazon,488
america,439
american,8
americia,8
amernia,16
amg,21
aminuddin,8
amir,8
amm,7
ams,80
amsterdam,40
amway,15
an,21381
ancelotti,32
and,32
ander,8
anderlecht,8
andersen,15
andora,8
andre,64
andrea,24
andrey,8
android,203
andy,40
anfield,94
ang,45
angela,88
angeles,40
angelina,8
angola,78
anh,15907
ankara,80
annual,8
anoeta,8
anonymous,32
ansu,8
ant,16
antei,8
anthony,16
anti,8
antoine,8
antonela,8
anz,64
ao,1293
ap,1662
apache,40
apec,884
apho,15
apla,8
apollo,8
apos,56
app,64
apple,1922
april,48
aprilia,15
ar,8
arab,54
arabia,348
arap,10
arcturus,8
arena,24
arf,16
argentina,748
argentine,8
aris,38
arizona,48
arm,8
armata,199
armenia,228
army,221
arnold,14
aron,8
arrizabalaga,16
arsen,21
arsenal,1875
arsene,80
arteon,8
arteta,125
arturo,8
arv,8
arập,3
as,96
asafir,7
asanzo,390
ascent,8
asean,2025
asem,24
asen,117
asensio,32
ash,8
ashico,8
asia,36
asiad,950
asian,1080
asin,14
assa,16
assad,376
astana,36
aston,208
astrazeneca,411
asutralia,8
asxh,7
asyr,45
at,553
atalanta,61
atgt,7
athens,8
atiso,32
ativ,8
atlat,8
atletico,861
atm,279
atp,136
atr72,8
attapeu,8
atvsld,21
atvslđ,33
au,1198
aubameyang,95
auchan,16
audi,363
audio,7
aung,48
austin,16
australia,2206
australian,344
austria,24
authority,8
auto,148
autobahn,8
autopilot,40
avangard,8
avanza,16
aventador,32
aventadors,8
aw159,8
awards,40
away,7
axit,16
ay,77
azd1222,8
azerbaijan,268
azov,70
azovstal,150
azvostal,8
azzurri,32
b,1441
b1,15
b2,8
b5,24
ba,5565
bab,196
baby,22
bac,4102
bach,478
bacillus,8
bacolod,23
badiyeh,8
baghdad,16
baghdadi,7
bahamas,8
bahrain,392
baht,24
bai,3924
baian,8
baikal,16
bakelite,8
bale,803
bali,52
balkan,24
ball,15
ballet,32
balo,34
balotelli,8
baltic,213
baltimore,8
balô,3
bam,251
bamboo,24
ban,17254
band,8
bang,5028
bangkok,378
bangladesh,8
banh,635
bank,390
bannon,7
banzan,8
bao,14843
bap,59
bar,344
barack,160
barbie,8
barca,86
barcelona,5457
barie,32
barkley,16
bartender,15
bartomeu,56
basa,24
basaksehir,23
basel,8
bashar,8
basque,7
basten,8
bastion,40
bat,9590
batman,7
bau,2538
bauxit,14
bauxite,103
bawdah,7
bay,19544
bayern,1007
bayon,16
bazan,22
bbc,40
bbg,38
bc,8
bcci,8
bcd,2
bci,8
bcđ,3
bds,156
be,1366
becamex,8
becker,7
beckham,46
beek,134
beetle,16
beijing,24
bel,8
belarus,246
belgorod,8
belgrade,8
bella,46
bellerin,8
bellydance,48
ben,1309
bendan,8
benetti,8
benfica,16
beng,8
benh,4109
bentayga,16
bentley,85
benz,301
benzema,183
beo,135
bep,115
berkshire,8
berlin,71
bernabeu,78
berrettini,22
bert,24
beslan,16
bespoke,8
besra,32
best,70
bet,41
beta,16
betis,75
beu,43
beverly,8
bezos,189
bh,8
bhtn,321
bhumibol,8
bhutan,8
bhxh,7905
bhyt,3831
bi,15362
bia,1106
bianfishco,16
biathlon,8
bich,34
biden,5370
bidv,283
bie,10
bielefeld,8
bielsa,16
biem,10
bien,7531
bieng,6
bierhoff,8
biet,2405
bieu,1230
big,272
bigbang,7
bigc,45
bike,16
biker,54
bikini,262
bilbao,99
bill,720
billiards,16
bim,14
bin,194
binan,8
binh,8558
biontech,43
bioreactor,15
bip,9
bird,103
bissaka,7
bit,42
bitcoin,1384
bitcoins,8
bitconnect,8
bitexco,8
bitwalking,8
biu,11
biê,27
biên,1899
biẹ,3
biếm,15
biến,3048
biếng,15
biết,1284
biếu,78
biển,6525
biểu,1794
biện,303
biệt,2535
bjc,8
bkav,8
black,182
blackout,7
blended,8
blind,8
block,103
blockchain,8
blog,48
blogger,24
bloomberg,166
blouse,37
blue,8
bluechip,15
blues,56
bluewings,8
bluezone,54
bluzone,7
blv,72
bm,21
bmw,887
bn,64
bn1045,8
bn1440,16
bn1660,7
bn3051,8
bn3260,8
bn6288,8
bn994,8
bnn,7
bo,15866
boa,8
boateng,16
boc,572
boca,16
body,23
boeing,280
bogor,7
boi,1071
bolide,8
bolivar,16
bolivia,23
bolt,8
bolton,38
bom,4219
bon,408
bong,2691
bonsai,167
bonucci,15
booking,7
boong,23
boongke,8
bop,45
boracay,16
bordeaux,16
borei,8
borey,56
boris,16
borussia,32
bosnia,15
bosphorus,52
bosporus,16
bot,1808
bouchard,8
bournemouth,122
boxing,70
boxit,21
boy,140
boys,31
bphone,7
bql,56
br,35
brahmos,24
braithwaite,16
bramall,8
brand,8
brandon,8
branson,23
brazil,1218
break,22
breitling,8
bremen,7
brendan,16
brent,16
brexit,397
brg,7
bridge,24
brighton,243
brilliant,7
brio,16
brittanya,8
brixton,8
brom,124
bronco,8
brookes,8
brownout,8
brt,40
brugge,62
brunei,249
bruno,432
brussels,182
bruyne,108
bryant,16
brys,15
bs,8
bsr,8
bt,291
btc,47
bts,7
btxh,24
bu,284
bua,239
buc,506
bucha,15
bucharest,8
budapest,16
buddha,72
buffet,15
buffett,306
buffon,32
bufoni,8
bugati,8
bugatti,224
bugi,8
bui,547
buk,8
bukit,168
bulava,40
bulgaria,79
bull,8
bun,76
bundesliga,72
bung,1080
bungari,8
bunmathan,8
buo,3
buoc,1577
buoi,407
buom,7
buon,860
buong,126
buot,6
buou,15
bup,60
burberry,16
buriram,293
burley,8
burnley,130
bus,92
bush,167
business,8
busquets,7
busta,7
but,110
buu,59
buy,7
buyan,7
buyt,124
buyuksehir,8
buô,9
buôn,882
buông,150
buýt,195
buốt,9
buồn,453
buồng,48
buổi,372
buộc,1533
buột,3
bv,560
bvdk,2
bvmt,8
bvđk,3
bxhh,8
by,8
byau,2
bye,7
bytedance,15
byầu,3
bà,2439
bài,2739
bàn,2235
bàng,192
bành,114
bào,267
bày,147
bá,237
bác,1848
bách,279
bái,183
bám,246
bán,7383
báng,9
bánh,816
báo,10500
bát,201
báu,99
bâ,12
bân,3
bâng,3
bây,75
bã,15
bãi,711
bão,1578
bè,96
bèo,183
bé,861
bén,30
béo,114
bét,27
bê,648
bên,1278
bênh,108
bêu,108
bì,33
bìa,33
bình,6132
bí,2868
bích,48
bính,33
bít,18
bò,495
bòn,3
bòng,6
bó,141
bóc,150
bói,12
bón,96
bóng,2952
bóp,69
bô,111
bôi,75
bôn,3
bông,171
bôxit,3
bôxít,18
bõm,3
bù,336
bùa,33
bùi,756
bùn,66
bùng,873
bú,18
búa,33
bún,60
búng,12
búp,117
bút,48
bă,27
băm,54
băn,66
băng,708
bđs,243
bĩ,3
bĩnh,3
bĩu,6
bơ,57
bơi,228
bơm,138
bưng,27
bưu,69
bươm,3
bươn,21
bươu,9
bước,888
bướm,9
bướng,6
bướu,15
bưởi,255
bạ,342
bạc,1329
bạch,483
bại,2319
bạn,2880
bạo,672
bạt,48
bải,3
bản,5226
bảng,1494
bảnh,66
bảo,3576
bảy,57
bấm,84
bấn,3
bấp,21
bất,8463
bấu,3
bấy,3
bầm,30
bần,6
bầu,3801
bầy,42
bẩm,3
bẩn,198
bẩy,27
bẫm,12
bẫy,480
bậc,366
bận,105
bật,1521
bậy,15
bắc,2835
bắn,1719
bắp,78
bắt,4731
bằm,3
bằng,3495
bẵm,6
bặt,21
bẹ,3
bẹp,72
bẻ,57
bẽ,24
bế,186
bến,246
bếp,117
bết,39
bề,42
bền,177
bềnh,3
bể,111
bệ,108
bệnh,6180
bệt,6
bỉ,327
bỉm,21
bỉnh,9
bỉu,12
bị,18969
bịa,51
bịch,12
bịn,3
bịp,18
bịt,54
bịu,3
bọ,33
bọc,174
bọn,6
bọt,24
bỏ,4827
bỏng,342
bố,6759
bốc,684
bối,342
bốn,189
bống,3
bốt,12
bồ,369
bồi,459
bồn,63
bồng,42
bổ,1050
bổi,6
bổn,3
bổng,288
bỗng,183
bộ,11268
bộc,24
bội,189
bộn,198
bột,57
bới,30
bớp,15
bớt,207
bờ,354
bời,30
bở,30
bởi,339
bỡn,3
bợ,9
bục,9
bụi,84
bụng,141
bụt,3
bủa,114
bủn,6
bức,759
bứng,9
bứt,123
bừa,6
bừng,177
bửu,21
bữa,231
bự,9
bực,27
c,7422
c1,80
c14,8
c2,15
c45,16
ca,25588
cabin,8
cac,6014
cacbon,8
cach,4519
cachiusa,8
caddie,8
cadillac,48
cadiz,16
cafe,30
café,3
cai,3086
calciopoli,16
calibr,8
california,164
calisto,16
cam,4182
cambridge,7
camera,601
cameron,24
camila,8
camp,71
camphuchia,8
campuchia,2640
camry,111
can,9232
canada,1238
canberra,8
cand,64
cang,2111
canh,6414
cannavaro,16
canon,70
cantona,44
cao,20518
cap,5149
capello,8
caphe,2
capita,50
capital,15
capitol,8
capo,8
car,8
cara,16
carabao,32
caracas,15
carat,39
caratheodory,8
carbon,8
card,8
cardiff,46
cardone,8
caribe,8
carillon,8
carina,188
carlos,95
carlsberg,55
carlyle,8
carmenes,7
carnival,8
carolina,7
caroline,8
carom,8
carplay,55
carrasco,8
carreno,7
carrington,8
carter,22
carton,7
casa,54
casemiro,16
casino,563
casio,8
caspi,16
caspian,8
cat,1154
catalan,8
catalonia,340
catfish,8
catp,8
cau,5074
cavani,328
cay,1871
cayenne,16
cb,16
cb1000r,16
cbre,7
cc,16
cc1,8
ccl,8
cd,59
cdc,175
cdsp,2
cdv,218
ceballos,8
celerio,8
cell,112
celso,8
celta,112
centennial,8
center,16
centimet,37
centodieci,15
central,16
century,7
ceo,965
ceramic,8
cereus,8
cerezo,232
ces,8
cgv,8
ch,498
cha,1280
chac,183
chaebol,8
chai,469
chalermsan,7
challenge,24
cham,1691
chamberlain,15
champion,8
champions,1912
championship,96
chan,2809
chanathip,414
chanel,28
chang,732
changsin,8
chanh,304
channel,8
chao,626
chap,1039
chapo,117
charles,16
charlotte,8
chat,1719
chau,2883
chay,3045
chdcnd,48
che,2403
chech,6
chechnya,31
check,21
chelsea,2760
chem,146
chen,451
cheng,144
chenh,243
cheo,99
chep,47
chernobyl,8
cherry,94
chesson,8
chet,2288
chevening,8
chevrolet,240
chexit,7
chi,14197
chia,4773
chiangmai,16
chicago,16
chich,6
chicharito,7
chie,10
chiec,699
chiellini,8
chiem,839
chien,6981
chiet,6
chieu,1602
chievo,8
chilavert,8
chile,166
chilwell,8
chim,1004
chin,64
china,43
chinh,6888
chinsu,16
chip,248
chipotle,8
chiron,16
chit,16
chiu,648
chiê,30
chiêm,276
chiên,21
chiêu,1122
chiếc,1125
chiếm,1020
chiến,10896
chiết,9
chiếu,459
chiều,1104
chiểu,3
chkqt,8
chlb,96
chnd,8
cho,48596
choa,7
choac,2
choang,323
choc,185
chocolate,8
choe,11
choet,1
choi,2159
choisy,8
chom,16
chon,1088
chong,3561
choong,8
chop,89
chot,1079
choáng,534
choạc,3
choạng,3
choảng,15
choẹt,3
christan,8
christian,8
chrysler,8
chu,5618
chua,4066
chuan,1499
chuc,4306
chui,719
chum,245
chun,17
chung,11695
chuoc,37
chuoi,342
chuom,1
chuon,4
chuong,717
chuot,98
chup,194
churchill,7
chut,5
chuye,5
chuyen,6214
chuyê,15
chuyên,2679
chuyến,1209
chuyền,54
chuyển,3294
chuyện,2247
chuâ,9
chuôi,9
chuông,51
chuẩn,2298
chuốc,6
chuối,135
chuồn,9
chuồng,33
chuỗi,390
chuộc,33
chuộng,96
chuột,183
chà,6
chài,21
chàm,30
chàng,777
chào,462
chày,6
chác,6
chán,171
chánh,123
cháo,33
chát,96
cháu,351
cháy,1110
châ,21
châm,75
chân,1455
châu,3927
chây,84
chè,30
chèn,51
chèo,51
chém,288
chén,21
chéo,72
chép,72
chê,411
chênh,375
chì,24
chìa,117
chìm,417
chình,21
chí,954
chích,9
chín,99
chính,8076
chíp,6
chít,15
chò,3
chòi,6
chó,141
chóc,171
chóe,3
chói,75
chóng,360
chóp,12
chót,303
chô,15
chôm,9
chôn,183
chông,30
chùa,171
chùi,3
chùm,357
chùn,15
chú,480
chúa,189
chúc,495
chúi,3
chúng,729
chút,9
chă,3
chăm,423
chăn,210
chăng,15
chĩa,18
chĩnh,3
chơ,33
chơi,2205
chư,9
chưa,4656
chưng,108
chương,861
chước,21
chướng,21
chườm,3
chường,3
chưởng,51
chạm,651
chạng,3
chạnh,21
chạp,18
chạy,2718
chả,39
chải,39
chảnh,126
chảo,243
chảy,258
chấm,873
chấn,1056
chấp,1551
chất,1527
chần,42
chầu,12
chẩn,45
chậc,3
chậm,633
chật,291
chậu,78
chắc,273
chắn,417
chắp,30
chắt,6
chằng,30
chẳng,162
chẵn,6
chặn,1029
chặng,117
chặt,846
chẹt,6
chẻ,24
chẽ,54
chế,2676
chết,3792
chề,18
chệch,9
chỉ,6948
chỉnh,909
chị,342
chịt,12
chịu,984
chọc,108
chọe,6
chọi,75
chọn,1464
chỏ,15
chỏi,3
chỏng,21
chốc,24
chối,993
chốn,42
chống,3429
chốt,1434
chồn,6
chồng,1551
chổi,33
chổm,15
chổng,18
chỗ,597
chội,12
chộp,3
chột,6
chớ,21
chới,12
chớm,9
chớp,135
chờ,2037
chở,1077
chợ,1224
chợp,9
chục,1431
chụi,3
chụm,3
chụp,291
chủ,6630
chủng,876
chứ,99
chứa,201
chức,4719
chứng,2652
chừ,42
chừa,15
chừng,249
chửa,6
chửi,78
chửng,12
chữ,282
chữa,684
chững,27
chực,18
cia,647
ciaz,16
cienco,24
cienco5,8
cii,24
cilic,7
ciro,16
city,2882
civic,88
clarity,8
class,77
clatternburg,8
clb,5145
clermont,8
click,7
clinton,1987
clip,1668
cliton,8
clo,8
club,95
cm,31
cmcn,32
cmnd,21
cn,53
cnbc,7
cnld,2
cnlđ,3
cnn,163
cntt,165
cnvc,8
cnvcld,2
cnvclđ,3
cny,7
co,26009
cobra,8
coc,212
coca,123
cocobay,31
code,8
coffee,7
coi,1590
coin,7
coivd,7
cola,123
colab,8
cole,16
collin,8
cologne,8
colombia,141
colorado,87
com,271
coman,14
combe,56
combo,16
comfeed,8
comiket,8
community,8
con,14243
concept,39
condotel,577
cong,18097
congo,32
conor,40
consadole,15
constantin,8
constantine,8
constrexim,16
consumer,16
container,1100
conte,62
content,8
convid,7
coo,8
cook,86
coolcat,23
cooper,8
cop,17
copa,464
coppa,32
cornona,7
corolla,95
corona,7267
coronavirus,47
coronaviruss,8
corp,8
corvette,16
cosplay,87
costa,96
cot,266
coteccons,216
cotu,2
countryman,8
county,16
coupe,16
courtois,127
coutinho,127
cov,7602
cov2,15
covax,24
covd,7
coventry,8
cover,24
covid,49563
covivac,24
cp,242
cph,8
cpi,103
cptpp,388
cpttp,7
cr,161
cr7,38
crf1000l,8
crimea,1352
cristante,8
cristiano,64
croatia,128
crop,32
cross,70
crossover,48
cruise,8
cruiser,24
crush,14
cruyff,8
cruz,71
cruze,15
crv,39
crystal,184
csc,8
cscd,4
cscđ,6
csdl,16
csdt,1
csgt,381
csis,30
cska,24
csđt,3
ct,8
ct1,8
ctxh,46
cty,151
cu,7631
cua,26023
cub,24
cuba,587
cuban,14
cuc,1535
cui,95
cullinan,8
cum,166
cun,21
cung,5794
cunha,8
cuo,2
cuoc,4269
cuoi,2059
cuom,16
cuon,222
cuong,1373
cuop,205
cup,8379
curacao,204
cut,30
cuu,3378
cuô,6
cuôc,3
cuốc,12
cuối,2046
cuốn,300
cuống,30
cuồn,12
cuồng,330
cuỗm,27
cuộc,6243
cuộn,54
cvp,8
cx,84
cyanua,7
cybertruck,56
cycle,24
czech,181
cà,816
cài,126
càn,114
càng,669
cành,72
cào,60
càphê,3
cày,99
cá,2487
các,9081
cách,6903
cái,1005
cám,12
cán,1617
cáng,9
cánh,756
cáo,2496
cáp,39
cát,618
cáu,39
cáy,3
câ,33
câm,6
cân,807
câu,1026
cây,1680
cãi,942
cò,255
còi,171
còm,3
còn,2571
còng,33
có,24885
cóc,87
cóm,3
cóng,9
cóp,6
cót,48
cô,2532
côi,96
côn,120
công,25464
cõi,24
cõng,114
cù,30
cùi,24
cùm,6
cùng,3033
cú,1131
cúc,84
cúi,48
cúm,114
cún,9
cúng,72
cúp,459
cút,6
că,3
căm,3
căn,1911
căng,1710
cđ,114
cđsp,3
cđv,327
cũ,1668
cũng,1245
cơ,7056
cơi,3
cơm,294
cơn,1065
cơtu,3
cư,2364
cưa,39
cưng,132
cưu,3
cương,357
cước,216
cưới,666
cướp,402
cười,450
cườm,3
cường,1299
cưỡi,36
cưỡng,213
cược,141
cạch,15
cạm,24
cạn,282
cạnh,648
cạo,12
cạp,9
cả,3066
cải,729
cảm,1347
cản,357
cảng,603
cảnh,7242
cảo,6
cấm,1884
cấn,60
cấp,6507
cất,177
cấu,258
cấy,24
cầm,621
cần,3732
cầu,6252
cầy,6
cẩm,138
cẩn,372
cẩu,42
cẫng,3
cận,1632
cập,531
cậu,165
cậy,69
cắc,3
cắm,141
cắn,63
cắp,297
cắt,1059
cằm,3
cằn,21
cẳng,18
cặm,6
cặp,579
cọ,15
cọc,75
cọp,3
cỏ,156
cỏi,18
cố,1425
cốc,54
cối,15
cốm,6
cống,135
cốp,6
cốt,168
cồi,6
cồn,114
cồng,21
cổ,4152
cổng,135
cỗ,54
cộ,9
cộc,9
cội,6
cộm,24
cộng,1866
cột,204
cớ,33
cờ,537
cở,3
cởi,84
cỡ,174
cợt,6
cụ,477
cục,978
cụi,6
cụm,141
cụt,39
củ,183
của,35835
củi,42
củng,33
cứ,1434
cứa,18
cứng,501
cứu,3072
cừ,9
cừu,15
cử,4452
cửa,2949
cửi,3
cửu,75
cữu,15
cự,105
cựa,6
cực,1353
cựu,2298
d,154
da,10237
dabaco,24
dabbawala,8
dac,2217
daca,40
daddy,7
daegu,55
daei,8
dai,8533
daihatsu,8
daimler,16
daisuke,16
dak,362
daley,8
dam,3392
damacus,40
damascus,225
damrey,8
dan,10194
dana,8
danang,8
dancesport,8
dang,6653
dangda,111
danh,9487
dani,24
daniel,24
daniele,8
daniil,8
dao,6527
dap,1730
dara,49
daraa,8
daraya,8
darayya,8
darmian,8
dat,5451
data,32
datc,8
datsun,7
dau,15550
david,80
davidson,28
davos,16
dawn,8
day,3196
dbqh,13
dbscl,50
ddg,7
ddos,7
de,13061
deadline,16
dean,16
debaltseve,32
debaltsevo,56
defender,8
deir,423
deiz,8
dela,8
dele,40
delhi,8
dellhi,7
delta,983
dem,1018
dembele,40
den,5043
denh,6
denis,7
denso,8
deo,282
dep,2198
depay,40
deportivo,15
dera,7
derby,158
deschamps,62
designer,8
despacito,7
det,93
detroit,23
deu,375
deulofeu,8
developer,16
dfc,7
dh,947
dhabi,7
dhbkhn,2
dhcd,8
dhdcd,10
dhqg,24
dhs,128
dhsp,1
di,7445
dia,1493
diallo,24
diamond,16
diana,8
dich,8046
didier,8
die,23
diec,5
diego,96
diem,4054
dien,5338
dieng,6
diep,754
dier,8
diesel,286
diet,562
dieu,5483
diezel,8
dijk,157
dijon,8
dim,36
dimas,23
dinh,7877
dior,7
dioxin,15
dip,592
diplomat,7
discovery,8
disney,24
diu,140
diz,8
diê,9
diêm,30
diên,3
diến,3
diều,30
diễm,6
diễn,1911
diễu,114
diệc,3
diện,2070
diệp,15
diệt,903
diệu,120
dj,72
djibouti,39
djokovic,1255
dk1,8
dkdt,2
dkvd,12
dl,35
dmz,16
dn,623
dna,10
dnnn,163
do,19830
doa,1229
doai,3
doan,2473
doanh,17491
doat,318
doc,3443
docs,8
doe,8
dog,7
doha,8
doi,16402
doji,8
doklam,7
dola,92
dom,57
dominic,16
dominica,8
domino,23
don,3837
donacoop,8
donald,2880
donbass,365
donestk,8
donetsk,118
dong,28480
donga,64
dongabank,7
donny,32
dop,18
doping,54
doraemon,8
dortmund,286
dot,1813
douma,16
dow,8
down,8
doãn,15
doạ,72
dpr,8
draxler,7
dream,78
dreamworks,8
drew,8
drift,79
driver,16
drogba,8
drone,8
ds,2
dsa,8
dsct,2
dsq,6
dt,238
dtm,16
dtqg,2
du,10921
dua,3680
duan,5
dubai,196
duc,3189
ducati,39
due,16
dui,83
duke,16
dum,5
dun,10
dung,11926
dungwordpress,1
duo,40
duoc,8973
duoi,1424
duom,2
duong,8079
duot,9
dup,169
dusit,23
dusseldorf,8
dustin,40
dut,569
duterte,571
duy,2185
duye,1
duyen,198
duyet,284
duyê,3
duyên,342
duyệt,444
duẩn,9
duệ,24
duối,3
duỗi,3
dvc,8
dvvl,16
dxomark,8
dxs,8
dybala,63
dynamo,24
dài,1386
dàn,819
dàng,300
dành,612
dào,27
dày,273
dám,195
dán,72
dáng,363
dát,90
dâ,12
dâm,375
dân,10635
dâng,87
dâu,327
dây,720
dã,354
dãi,21
dãy,27
dè,150
dép,57
dê,54
dì,3
dìa,3
dìm,63
dìu,9
dí,18
dính,534
dò,90
dòm,12
dòng,717
dóc,3
dôi,18
dõi,369
dù,687
dùi,27
dùng,2460
dúi,24
dăm,21
dĩ,45
dũ,3
dũng,1428
dơ,6
dơi,12
dư,342
dưa,351
dưng,81
dươ,6
dương,5757
dưới,1347
dường,9
dưỡng,528
dược,297
dượng,3
dượt,15
dạ,210
dại,147
dạm,3
dạn,21
dạng,171
dạo,138
dạt,63
dạy,924
dả,12
dải,45
dấn,9
dấu,1278
dấy,9
dầm,27
dần,234
dầu,2937
dẫm,27
dẫn,1755
dậm,6
dập,585
dật,3
dậu,108
dậy,504
dắt,267
dằn,81
dằng,9
dẳng,33
dặm,9
dặn,12
dặt,30
dẹp,135
dẹt,6
dẻ,3
dẻo,9
dế,18
dề,3
dễ,1134
dệt,129
dị,186
dịch,10617
dịp,888
dịu,156
dọa,1752
dọc,84
dọn,192
dỏm,72
dốc,675
dối,171
dồi,30
dồn,588
dỗ,42
dỗi,9
dội,540
dộng,3
dột,18
dớp,36
dời,117
dở,171
dởm,12
dỡ,267
dụ,66
dục,1356
dụi,6
dụm,3
dụng,3630
dụngwordpress,3
dứa,39
dứt,546
dừa,99
dừng,1806
dửng,9
dữ,654
dự,6348
dựa,99
dựng,1728
e,844
e250,8
e5,458
e7,7
e9,16
eas,8
easytaxi,8
ebay,40
ecb,8
ech,19
ecmo,95
ecopark,40
ecosport,40
ecuador,118
ed,8
eden,136
eder,8
edge,7
edinson,48
edition,24
eez,16
ehome,16
eibar,39
eiffel,16
eindhoven,14
einstein,7
eiu,7
ekip,8
el,126
elantra,31
elche,16
electric,24
electronics,8
eleven,7
elly,8
elon,448
elysees,8
em,5204
email,135
emery,40
emily,8
emirates,32
emmanuel,8
en,9
enbac,42
engine,8
english,8
enrique,37
ensure,8
enzo,8
eo,809
eos,24
ep,514
epc,16
eps,135
epson,7
eq,16
er,7
erasmus,16
erawan,7
erdogan,71
eric,32
erik,8
eriksen,233
eriksson,181
erling,144
ertiga,39
es,8
escalade,8
escort,8
esim,16
espanyol,29
esper,8
espn,7
esport,8
esports,8
essex,8
essien,8
eta,8
etf,8
etfs,8
ethanol,64
ethereum,16
ethiopia,94
ethiopian,8
ethisphere,7
etienne,15
etihad,16
eu,1986
eugenie,8
euphrates,22
euro,2337
eurocham,15
europa,432
european,190
eurovision,8
eurozone,109
ev,39
ev6,8
evan,32
everest,106
everrich,8
everton,392
eveton,8
evfta,300
evian,8
evn,358
evoque,16
evra,54
excel,8
exciter,16
eximbank,498
explorer,144
expo,8
ez,35
ezzor,347
ezzur,8
f,1304
f0,2997
f1,1852
f2,316
f22,8
f3,23
f4,8
f750,8
f850,8
fa,231
fabinho,7
fabio,8
fabregas,16
face,15
facebook,2026
facebooker,24
facetime,16
fadil,55
fair,50
fake,7
falcon,16
fan,182
fanpage,64
fans,96
fansipan,7
farmstay,16
faros,24
fashionista,55
fast,53
fati,8
fauci,15
faust,7
fax,8
fb,7
fbi,667
fc,1003
fcv,8
fda,8
fdi,663
fe,15
fed,253
federer,443
felipe,8
felix,16
fellaini,48
ferdinand,23
ferencvaros,16
ferguson,164
fernandes,567
fernandinho,8
fernando,16
ferran,8
ferrari,262
fethullah,16
feyenoord,24
fi,21
fiat,8
field,7
fields,63
fiesta,56
fifa,601
figaro,7
figo,8
file,40
filip,736
finals,90
finance,7
fiorentina,24
firmino,48
firmware,8
fisa,8
fishing,8
fisker,7
fitch,16
fitzgerald,8
five,56
fivimart,16
fj,8
fk,8
flappy,104
flash,31
flc,466
flight,8
flip,56
florence,24
florentino,32
flores,277
florida,94
floyd,168
fly,8
flycam,24
flying,8
fmit,7
focus,72
foden,24
fold,32
fold2,56
fold3,8
follow,24
follower,15
fomosa,23
fonseca,8
food,8
foot,8
for,8
forbes,176
force,40
ford,956
forest,15
forester,8
forget,7
formosa,1038
fort,7
fortuna,7
fortuner,94
foturner,8
fowler,8
fox,191
foxconn,56
fpt,163
frame,7
france,8
francesco,8
francis,56
francisco,16
frank,40
frankfurt,52
frankie,7
franklin,8
fred,32
freddie,8
freelance,16
freelancer,54
friday,145
frieslandcampina,8
from,16
front,8
fsa,47
fsb,15
fta,142
fu,28
fuji,16
fujifilm,8
fukuoka,8
fukushima,23
fulbright,48
fulham,92
full,7
fullback,7
furious,55
fustal,8
futsal,176
fv,8
g,490
g2,8
g20,275
g310r,8
g6,7
g63,24
g7,608
g8,24
g80,16
ga,1151
gaal,7
gab,7
gabriel,8
gac,100
gach,139
gaethje,16
gai,2218
gala,16
galactico,7
galapagos,8
galatasaray,8
galaxy,600
gam,143
gama,8
game,213
games,1849
gamper,16
gamuda,8
gan,7384
gang,479
gangster,7
ganh,263
gao,393
gap,3436
gara,70
garage,8
garcia,45
garden,62
gardens,8
gareth,646
garmin,24
garrick,8
garros,491
gary,8
gas,112
gasquet,7
gat,194
gates,611
gau,30
gay,3594
gaza,32
gazprom,63
gd,1590
gdcd,46
gddt,4
gdkt,2
gdnn,31
gdp,711
gdpt,24
gdvl,280
gdđt,6
ge,8
gea,359
gede,85
geely,16
gel,8
geleximco,8
gen,134
gene,23
general,8
genesis,16
geneva,56
geneve,7
genk,15
genting,8
geo,8
george,64
georgia,237
georgina,80
gerald,8
gerard,8
gerd,16
germain,39
germanwings,8
gerrard,8
getafe,45
geun,224
ghana,16
ghe,347
ghem,4
ghen,136
ghenh,12
gheo,3
ghep,57
ghet,13
ghi,6101
ghien,2
ghim,2
ghita,8
ghiền,3
ghosn,30
ghost,16
ghouta,31
ghé,57
ghém,6
ghép,87
ghét,24
ghê,27
ghì,18
ghìm,3
ghẹ,6
ghẹo,6
ghẻ,24
ghế,438
ghềnh,24
gi,2717
gia,44362
giac,538
giai,5099
giam,6369
gian,7511
giang,5449
gianh,1357
giao,10603
giap,168
giat,189
giau,1396
giay,961
gie,35
gieng,66
gieo,261
giet,203
gieu,29
giggs,46
gilbert,8
gilpip,8
gim,1
gimbal,7
gin,10
gio,1799
gioi,4640
gion,28
giong,377
giorgi,8
giot,45
giphy,8
girl,1982
girls,7
girona,28
giroud,63
giu,1293
giua,2453
giuc,41
gium,6
giun,72
giuong,106
giup,1952
già,309
giàn,60
giàng,36
giành,2019
giàu,1863
giày,177
giá,16899
giác,417
giám,2085
gián,270
giáng,297
giáo,3468
giáp,252
giáy,6
giây,234
giã,63
giãi,15
giãn,834
giãy,9
giêng,15
giò,105
giòi,15
giòn,24
gió,387
gióng,6
giông,21
giùm,12
giúp,2952
giăng,60
giũa,3
giơ,54
giư,9
giương,30
giường,138
giả,1608
giải,6105
giảm,6549
giản,357
giảng,582
giấc,429
giấp,3
giấu,339
giấy,1089
giầy,3
giẫm,9
giậm,6
giận,669
giật,267
giằng,33
giặc,33
giặt,54
giẻ,24
giẽ,33
giếng,39
giết,327
giềng,54
giễu,45
giọng,129
giọt,81
giỏ,24
giỏi,453
giống,447
giỗ,54
giới,6846
giờ,2310
giời,6
giở,51
giỡn,24
giục,63
giữ,1980
giữa,3687
gjurovski,8
glc,72
gle,39
glk,16
global,7
gls,8
gm,341
gmail,7
gnabry,24
go,710
goa,1
goal,7
goc,975
godin,8
gofood,8
gogh,8
gogi,7
goi,2328
gojek,23
golan,79
gold,24
golden,24
goldman,8
goldmark,16
golf,723
golfer,48
golo,7
gom,915
gomes,64
gon,670
gong,69
goni,32
gonzalez,8
goodison,8
google,700
goong,2
gop,296
goran,16
gorbachev,15
got,28
goviet,8
goòng,3
gp,32
gpbank,15
gplx,24
gpmb,16
gps,16
gr,8
grab,692
grabbike,16
grabtaxi,31
grad,39
graechen,8
graffiti,8
granada,8
grand,136
granit,8
granovskaia,8
grant,8
gre,8
grealish,8
green,16
greenland,46
greenwood,104
greta,8
griezmann,342
grigorovich,8
grinnell,8
grogorovich,8
group,136
gru,8
grushin,7
gruzia,78
gs,617
gsa,8
gsb,8
gscs,8
gsma,8
gsx,7
gt,8
gtdb,1
gtvl,16
gtvt,360
gtđb,3
gu,96
guadalcanal,8
guaido,15
guam,314
guantanamo,16
guardiola,428
guc,377
gucci,90
gui,735
guillaume,8
guinea,56
guinness,16
guitar,23
gulen,64
gumiho,8
gundogan,16
gunes,8
gung,17
gunnar,8
guom,41
guong,198
guus,80
guy,8
guzman,54
guzzi,8
guồng,12
gv,37
gx460,8
gym,238
gymer,64
gà,627
gài,51
gàn,9
gàng,3
gào,6
gác,117
gái,2964
gán,24
gánh,411
gáo,15
gáp,3
gáy,96
gâ,12
gâm,3
gân,222
gây,4476
gã,186
gãi,3
gãy,186
gì,4596
gìm,3
gìn,15
gò,78
gòn,936
góa,3
góc,522
gói,1020
góp,435
gót,42
gô,3
gôn,3
gông,3
gõ,90
gù,3
gú,3
gă,6
găm,69
găng,87
gđ,39
gđkt,3
gũi,9
gơ,6
gư,6
gươm,66
gương,276
gườm,3
gượng,21
gạ,21
gạc,27
gạch,228
gạo,588
gạt,54
gấc,3
gấm,3
gấp,1236
gấu,48
gầm,120
gần,5385
gầy,18
gẫm,3
gẫy,9
gập,129
gật,72
gậy,69
gắm,3
gắn,375
gắng,78
gắp,12
gắt,174
gặng,3
gặp,3852
gặt,48
gỉ,21
gọi,1911
gọn,105
gọng,18
gỏi,9
gốc,1014
gối,177
gốm,30
gồm,75
gồng,114
gổ,3
gỗ,306
gộc,3
gội,18
gộp,24
gớm,12
gờ,6
gờm,84
gởi,6
gỡ,471
gợi,417
gợn,9
gụ,12
gục,582
gừng,27
gửi,1107
h,343
h1,8
h1n1,8
h2,8
h5n1,8
h9,15
ha,13947
haaland,386
habana,22
habeco,420
hac,2
hach,72
hacinco,533
hack,131
hacker,240
hadid,8
hadley,8
hae,207
hafer,23
hagl,151
hai,12270
haiti,8
hakim,16
halep,55
haley,8
halico,52
halloween,46
ham,1120
hama,233
hamadan,8
hambantota,7
hamburger,15
hamilton,40
hampshire,15
han,4893
hana,7
hancom,85
hand,14
handmade,69
hang,18681
hanh,3017
hanoi,8
hao,419
hap,162
hapulico,24
harley,28
harmona,52
harmonyos,24
harris,72
harry,773
hart,8
harvard,87
harvey,48
hasakeh,8
hassan,8
hat,1729
hatchback,31
hattrick,155
hau,2130
havana,8
havard,8
havertz,71
hawaii,80
hawk,16
hay,4910
hayat,22
haye,8
hazard,326
hbo,8
hc,8
hcb,63
hcd,29
hcdc,8
hcm,1796
hcv,750
hcđ,45
hd,2
hdba,6
hdbank,47
hdld,34
hdnd,65
hdqt,67
hdtv,2
hdv,23
hdxx,2
he,2915
head,7
hec,1
hecta,18
hee,21
heereenveen,8
heereenven,8
heerenveen,1289
heerenveenn,8
heereveen,8
heineken,15
hellfire,8
helpdesk,8
hem,38
hen,492
henderson,48
henh,5
henry,15
heo,428
hep,160
heracles,8
herbert,8
hermes,23
heroin,8
herrera,15
het,1451
heu,2
heuer,8
heung,550
hey,8
hezbollah,46
hgi,7
hh3c,8
hh4c,48
hhtgnv,8
hi,281
hich,12
hiddink,102
hie,2
hiem,1929
hien,3795
hiep,677
hieu,2378
higgo,8
highlander,16
higuain,56
hill,24
hillary,555
hills,8
hilux,111
him,23
himalaya,16
himars,142
hin,14
hinh,2649
hip,1
hiphop,23
hiroshima,79
hit,11
hitler,24
hiu,208
hiv,62
hiê,6
hiên,18
hiếm,639
hiến,291
hiếp,225
hiếu,57
hiềm,9
hiền,72
hiểm,2427
hiển,120
hiểu,513
hiện,5316
hiệp,831
hiệu,3078
hl,141
hlv,21409
hmeymim,30
hn,94
hnam,8
hncc,8
hng,8
hnx,16
ho,6023
hoa,11626
hoac,147
hoach,1159
hoai,193
hoan,1743
hoang,3472
hoanh,171
hoat,1075
hoay,346
hoc,5876
hoe,209
hoffenheim,16
hoi,7502
hokkaido,15
holden,8
holding,8
holdings,16
hollande,8
hollywood,80
holyfield,32
hom,340
home,45
homepod,8
homestay,56
homs,80
hon,7635
honda,1231
honduras,16
hong,2803
hongqi,31
honor,16
hoon,22
hop,4001
horea,70
hormuz,103
horn,7
hose,96
hosiden,24
hospitality,8
hot,2772
hotgirl,78
hougang,8
house,120
housing,32
houston,30
houthi,8
howard,8
hoà,447
hoài,189
hoàn,1362
hoàng,2571
hoành,267
hoá,930
hoác,3
hoán,36
hoãn,861
hoè,3
hoạ,60
hoạch,1785
hoại,111
hoạn,48
hoạt,1629
hoả,57
hoảng,1113
hoắc,3
hoằng,6
hoặc,222
hp,8
hpv,31
hqc,24
hr,53
hre,2
hrê,3
hs,449
hsbc,119
hsg,8
hssv,40
hsx,231
ht2,8
ht3,8
htx,40
hu,366
hua,368
huan,190
huawei,2025
huayra,24
huc,89
huddersfield,46
hudson,14
hue,497
hui,22
hull,8
hum,144
hummels,8
hummer,144
hun,252
hung,1976
hungary,198
hunsen,8
hunter,8
huntsman,8
huo,1
huoc,82
huong,3253
hup,16
huracan,10
huracán,3
husqvarna,8
hut,863
hutech,8
huu,1992
huy,4082
huych,6
huyen,837
huyet,207
huyndai,16
huynh,1141
huyên,3
huyết,231
huyền,339
huyện,987
huyệt,123
huân,42
huê,6
huých,9
huấn,246
huế,840
huệ,69
huống,312
huỳnh,162
huỵch,3
huỷ,165
hv,80
hwan,7
hwang,16
hwasong,7
hy,2033
hybrid,72
hydro,16
hye,224
hypersport,16
hyundai,990
hà,13053
hài,564
hàm,117
hàn,5067
hàng,13722
hành,4341
hào,327
hàu,6
há,6
hái,198
hám,9
hán,579
háo,99
hát,222
hâ,18
hâm,390
hân,24
hâu,18
hãi,192
hãm,42
hãn,3
hãng,795
hãnh,24
hão,9
hãy,333
hè,693
hèn,9
hé,1041
héc,3
hécta,3
héo,12
hét,132
hê,36
hênh,9
hình,4038
hí,9
hích,24
híp,3
hít,21
hò,369
hòa,2364
hòe,3
hòm,15
hòn,72
hòng,15
hóa,2859
hóc,33
hóm,3
hóng,12
hót,9
hô,225
hôi,132
hôm,489
hôn,390
hù,15
hùa,3
hùi,9
hùm,225
hùn,6
hùng,1137
hú,54
húc,30
húng,3
húp,24
hút,1062
hăm,21
hăng,81
hđ,3
hđba,9
hđlđ,60
hđnd,102
hđqt,105
hđtv,3
hđxx,3
hĩnh,18
hũ,12
hơ,6
hơi,870
hơn,10416
hư,432
hưng,318
hưu,2079
hươ,3
hương,525
hước,132
hướng,1371
hường,9
hưởng,2790
hạ,2499
hạc,6
hạch,114
hại,1323
hạm,375
hạn,1599
hạng,900
hạnh,312
hạt,2085
hả,183
hải,4710
hảo,117
hấn,39
hấp,246
hất,72
hấu,207
hầm,225
hầu,210
hẩm,3
hẩu,3
hẫng,12
hận,270
hập,15
hậu,2919
hắt,72
hằm,3
hằn,6
hằng,87
hẳn,117
hẹ,3
hẹn,624
hẹp,264
hẻm,60
hến,9
hết,2148
hề,111
hều,3
hễ,3
hệ,2577
hệt,15
hỉ,12
hỉnh,3
họ,183
họa,618
học,9003
họng,105
họp,1083
hỏa,759
hỏi,867
hỏng,444
hố,81
hốc,3
hối,702
hốt,249
hồ,1869
hồi,1914
hồn,441
hồng,1104
hổ,273
hổng,129
hỗ,3090
hỗn,141
hộ,2664
hộc,6
hội,6930
hộp,459
hột,12
hớ,36
hới,3
hớn,9
hớp,9
hớt,15
hờ,30
hời,33
hờn,9
hở,96
hởi,21
hợi,54
hợm,3
hợp,4599
hợt,3
hục,3
hụi,9
hụt,375
hủ,27
hủi,39
hủy,1356
hứa,579
hức,96
hứng,516
hừng,6
hửng,3
hững,9
hữu,1167
hực,6
hỷ,9
i,1168
i10,112
i3,16
i30,8
i4,8
i8,63
i9,8
ia,8
ibf,8
ibm,8
ibra,8
ibrahimovic,149
ibt,8
ic,8
icao,8
icardi,216
icbm,24
iceland,56
ich,302
icloud,71
id,16
idlan,24
idlib,394
ido,8
ielts,15
iga,16
ighalo,80
ii,206
iia,24
iihs,8
iii,69
il,71
ilcoin,31
ilo,109
iloveyou,7
im,604
imds,8
imei,8
imf,61
imiss,16
immobile,16
imo,8
imoney,8
in,731
inc,8
incheon,683
incirlik,15
index,511
indian,7
indiana,23
indo,8
indonesia,5438
indra,8
inf,72
infiniti,8
infoco,16
infographic,218
infographics,397
inforgraphic,21
inforgraphics,14
inh,26
iniesta,68
innova,55
inphographic,7
insider,7
inspektor,7
instagram,134
intel,16
inter,463
interest,7
international,16
internet,389
interpol,80
inventory,8
inverter,8
ioc,8
iom,8
ion,7
ioniq,64
ios,280
ipa,8
ipad,196
ipados,8
iphone,3485
iphonex,7
ipo,95
iq,32
iran,5404
iraq,1683
ireland,48
irma,110
irna,8
iron,7
is,6266
isco,24
isetta,8
isi,23
iskander,149
israel,1195
iss,7
istanbul,32
isuzu,48
it,579
italia,1787
italian,8
italy,225
ite,7
iv,37
ivan,16
ivanisevic,7
ivanka,206
ivi,14
ivy,8
izumo,32
j,154
j1,16
jaap,8
jabhat,8
jack,743
jackie,8
jackpot,135
jackson,8
jadon,191
jae,64
jaguar,48
jaided,7
jakarta,71
jalil,163
jamaica,8
james,86
jamie,8
jammu,8
jan,8
jansen,16
japan,16
japfa,8
jaquet,8
jasmine,8
jason,8
jassm,7
java,16
javelin,8
jc,8
jean,32
jeans,8
jeb,16
jeep,16
jeff,168
jeju,22
jenner,16
jerome,8
jerry,8
jerusalem,328
jesse,16
jessica,8
jesus,47
jet,16
jetstar,8
jetta,8
ji,16
jianlin,8
jil,15
jill,8
jimmy,24
jimny,24
jin,101
joachim,24
joan,32
joao,8
joaquin,48
job,8
jobs,70
joe,471
johan,8
john,295
johnathan,64
johnny,40
johnson,40
johor,8
jolie,7
jon,40
jonathan,16
jones,32
jong,5678
joon,16
joong,8
jordan,864
jordi,16
jose,48
josh,8
joshua,32
jota,8
jovanovic,8
jpmorgan,7
jr,24
jrai,8
jsow,8
jtc,128
juan,8
judo,48
juke,8
julen,8
jumat,8
jump,8
jun,56
juncture,8
jung,31
junior,8
juniors,16
jurgen,264
justin,32
juventus,2255
jw,8
k,293
ka,57
kaesong,16
kahn,8
kai,40
kaka,15
kalibr,190
kaliningrad,48
kaluga,8
kamala,8
kan,9
kanagawa,8
kane,159
kang,7
kansai,7
kante,69
kanya,8
kanye,16
karabakh,42
karaoke,296
karat,8
karate,8
karatsev,7
kardashian,16
karius,8
karl,16
karma,24
karno,8
karoshi,8
kashmir,31
kasper,8
kathryn,8
katia,8
kavkaz,15
kawasaki,16
kawin,88
kazakhstan,8
kbc,8
kbs,8
kc,14
kcb,23
kcn,231
kcna,14
kcx,16
kdm,8
kdt,10
ke,2681
kean,24
keane,23
keangnam,104
kebe,8
kech,9
keisuke,40
kem,583
ken,125
keng,11
kenh,96
kenin,8
kenya,16
keo,704
keomany,7
kep,108
kepa,48
kerch,62
kerry,83
ket,3340
keu,1169
kevin,8
kg,1365
kgb,40
kh,91
kha,875
khabib,118
khaby,8
khac,1582
khach,2110
khai,8242
khaisilk,305
kham,561
khan,2409
khanasser,8
khang,722
khanh,376
khao,480
khap,260
kharkov,22
khashoggi,48
khat,220
khau,2183
khay,10
khdt,4
khe,137
khem,7
khen,1838
khenh,6
kheo,54
khep,42
kherson,56
khet,53
khi,32938
khia,10
khibiny,8
khich,187
khiem,51
khien,1987
khieng,2
khiep,163
khiet,5
khieu,264
khinh,142
khiêm,36
khiên,9
khiêng,3
khiêu,141
khiếm,42
khiến,2844
khiếp,285
khiết,9
khiếu,267
khiển,135
khmer,24
kho,4516
khoa,2960
khoac,94
khoai,474
khoam,1
khoan,1698
khoang,529
khoanh,817
khoat,11
khoay,5
khoc,562
khodorkovsky,40
khoe,2553
khoeo,3
khoet,8
khoi,4385
khon,252
khong,13831
khop,12
khoá,102
khoác,153
khoái,24
khoán,1614
khoáng,129
khoát,18
khoáy,9
khoèo,9
khoé,3
khoét,12
khoăn,66
khoả,3
khoản,738
khoảng,597
khoảnh,963
khoắn,9
khoắng,9
khoằm,3
khoẻ,51
khtn,16
khu,7712
khua,1
khuan,113
khuang,2
khuat,137
khuay,42
khuc,230
khue,4
khuech,6
khui,140
khung,2491
khuoc,18
khuon,37
khuong,2
khuya,23
khuyen,468
khuyet,168
khuynh,31
khuyu,8
khuyên,312
khuyến,393
khuyết,258
khuyển,3
khuâ,3
khuâng,3
khuê,6
khuôn,57
khuất,240
khuấy,69
khuẩn,177
khuếch,9
khuỵu,9
khá,132
khác,1008
khách,3291
khái,15
khám,822
khán,219
kháng,255
khánh,546
khát,378
kháu,3
kháy,3
khâ,6
khâm,12
khâu,69
khéo,87
khép,66
khét,87
khê,9
khí,3150
khía,9
khích,303
khò,3
khó,4332
khóa,387
khóc,663
khóe,18
khói,63
khô,177
khôi,462
khôn,126
không,21084
khù,3
khùng,33
khúc,360
khă,3
khăm,9
khăn,1116
khăng,6
khăp,6
khđt,6
khơ,3
khơi,198
khư,3
khương,3
khước,27
khạc,12
khả,1119
khải,66
khản,3
khảo,342
khấm,6
khất,18
khấu,51
khẩn,1626
khẩu,3300
khẩy,3
khập,3
khắc,1434
khắp,381
khắt,15
khẳng,606
khẽ,9
khế,27
khểnh,6
khễnh,3
khệ,6
khỉ,36
khỉnh,3
khịa,12
khỏa,69
khỏe,507
khỏi,3027
khố,6
khốc,306
khối,555
khốn,276
khống,198
khổ,393
khổng,441
khớp,24
khởi,2358
khụyu,3
khủng,3696
khủyu,3
khứ,93
khử,204
khựng,3
ki,273
kia,542
kiatisak,48
kiatisuk,1811
kich,1789
kichi,7
kickboxing,23
kid,31
kido,48
kie,11
kiem,3647
kien,3434
kieng,43
kienlong,16
kienlongbank,39
kiep,6
kiet,119
kieu,719
kiev,287
kiger,8
kilis,8
kilo,24
kiloton,7
kim,9033
kimmich,16
kin,219
king,733
kingsley,16
kinh,13721
kinkan,8
kinsibba,8
kinzhal,8
kiot,8
kip,262
kipchoge,8
kirin,8
kit,43
kitchee,24
kiê,12
kiêm,48
kiên,723
kiêng,27
kiêu,21
kiếm,2286
kiến,1842
kiếp,12
kiềm,96
kiền,6
kiềng,6
kiều,381
kiểm,2835
kiển,12
kiểng,33
kiểu,699
kiệm,303
kiện,2760
kiệt,198
kiệu,24
kjaer,8
kkt,16
kl,7
klassen,8
klh,8
klopp,310
km,474
kn95,8
knock,323
knockout,8
ko,11
kobe,24
koch,7
kocian,7
koeman,370
koenigsegg,8
kohler,8
koi,95
kokang,8
kokrak,8
kol,32
kolasinac,8
kompany,8
kon,162
kona,53
kong,1830
kop,40
korda,8
korean,8
kornet,8
kosovo,24
kovacic,7
kovir,8
kpop,24
krajinovic,8
kraken,8
krejcikova,8
kremlin,393
kritenbrink,16
kroos,38
ks,8
ksnd,56
ksndtc,16
ksor,16
ktm,16
kts,14
ktx,56
kuala,24
kubo,7
kudla,8
kumanthong,8
kun,14
kung,28
kuo,8
kurash,15
kurd,409
kusto,8
kuwait,47
kuweires,15
kuznetsov,48
kv,8
kwh,49
ky,6941
kyi,118
kylian,56
kylie,16
kyo,7
kyodo,7
kyrgios,15
kyrgyzstan,61
kyun,8
kyushu,7
kè,45
kèm,138
kèn,48
kèo,87
ké,9
kém,615
kén,27
kéo,912
kép,177
két,42
kê,324
kênh,129
kêu,1818
kì,171
kìm,63
kình,27
kí,39
kích,1563
kín,354
kính,189
kíp,66
kô,3
kôn,3
kông,141
ký,2352
kđt,15
kĩ,24
kơ,3
kạn,18
kẹ,9
kẹo,48
kẹp,33
kẹt,306
kẻ,759
kẻng,6
kẻo,39
kẽ,33
kế,2223
kếch,15
kết,4821
kề,72
kềnh,24
kể,696
kệ,57
kỉ,54
kỉnh,9
kị,18
kịch,1209
kịp,348
kịt,6
kỳ,4641
kỵ,39
kỷ,2775
kỹ,834
l5,8
la,9366
laba,7
labo,8
lac,336
lacazette,72
lach,133
lada,16
lade,16
laden,190
lahm,8
lai,13886
lak,195
lakeside,8
lallana,8
lam,10104
lambda,24
lamborghini,112
lamborgini,15
lame,7
lamela,8
lampard,297
lan,22141
lancer,8
land,166
landco,8
landmark,15
landtrek,8
lane,8
lang,2187
lanh,2188
lanka,293
lao,22592
lap,3201
laporta,15
laporte,7
laptop,48
las,32
laser,200
lash,8
lassen,8
lat,481
latakia,40
latinh,47
lattakia,8
latvia,8
lau,991
launch,8
lautaro,32
lavrov,30
lay,1944
lazada,22
lazio,63
lb,23
ld,174
ldbd,26
ldld,70
ldnt,1
ldtb,3
ldtbxh,14
ldxk,4
le,2244
lead,23
leader,8
league,7816
learning,8
lebanon,61
lech,216
led,16
lee,684
leeds,98
leganes,38
lego,16
lei,8
leicester,540
leipzig,172
lekima,16
lem,24
len,4354
leng,116
lenh,1396
lenin,7
lennard,8
leno,8
leo,1047
leopard,7
lep,24
leroy,8
leste,98
let,3
leticia,8
leu,15
lev,8
levante,68
levente,8
leverkusen,8
levi,8
lewandovski,7
lewandowski,248
lewis,40
lexi,8
lexus,245
lg,143
lgbt,15
lhq,265
li,153
lia,14
liberec,71
liberty,55
libetadores,8
libya,142
lich,1960
lie,2
liec,1
liege,15
liem,45
lien,3278
lieng,13
lienvietpostbank,216
liet,868
lieu,1498
liga,842
light,32
lightning,7
ligt,88
ligue,104
like,141
lilama,7
lille,24
lilly,24
lim,78
limited,8
limousine,72
lincoln,8
lindelof,8
line,8
lingard,40
linh,4120
link,8
linkedin,7
linux,8
lion,104
lionel,424
lippi,8
lison,7
lit,171
lithuania,48
little,7
litva,8
liu,31
live,64
liverpool,2602
livestream,136
lix,8
liê,3
liêm,57
liên,4788
liêng,6
liêu,450
liẹ,3
liếc,3
liếm,15
liền,156
liều,747
liểng,15
liễu,12
liệt,1377
liệu,1227
ljungberg,16
lo,14337
loa,231
loai,1645
loan,4225
loang,27
loanh,8
loat,2457
loay,347
loc,413
lock,48
lockheed,16
loe,7
loet,2
loew,8
logan,8
logic,7
logistic,8
logistics,8
logo,167
loi,4077
lokomotiv,15
lom,5
lon,3391
london,172
long,4759
lop,1244
lopetegui,85
lopez,8
lorca,8
lorient,8
los,48
lot,605
lotte,24
louis,72
louvre,8
lovren,7
low,15
loài,96
loá,3
loáng,3
loát,3
loã,3
loét,3
loại,2397
loạn,867
loạng,3
loạt,3732
lpb,16
lpr,8
ls,16
ls500,8
ls500h,8
ls600hl,8
lte,8
lu,669
lua,4518
luan,1138
luat,1563
luc,5166
lucid,8
lufthansa,16
lugansk,24
lui,613
luis,543
luiz,39
luka,40
lukaku,321
luke,40
lulzsec,8
lum,99
lumia,8
lumpur,22
lun,47
luneng,71
lung,673
luo,2
luoc,559
luoi,529
luom,2
luon,270
luong,5378
luot,360
lut,112
luta,24
luu,617
lux,40
luxembourg,8
luy,96
luyen,442
luyến,3
luyện,711
luâ,6
luân,132
luôn,342
luẩn,6
luận,1608
luật,2511
luống,6
luồn,18
luồng,96
luộc,9
luỵ,24
luỹ,15
lv,7
lx,8
lx570,15
ly,12169
lybia,118
lykan,16
lyman,8
lyon,170
lyriq,8
lysychansk,16
là,7803
làm,12351
làn,489
làng,1029
lành,114
lào,753
lá,849
lác,15
lách,183
lái,1935
lán,9
láng,63
lánh,45
láo,3
lát,33
lâ,45
lâm,1740
lân,18
lâng,6
lâu,405
lây,1317
lã,3
lãi,1833
lãm,252
lãn,6
lãng,234
lãnh,2604
lão,342
lè,3
lèn,3
lén,192
léo,15
lép,45
lét,3
lê,663
lên,6396
lênh,9
lì,51
lìa,21
lìm,12
lình,12
lí,93
lích,6
lính,402
lít,414
líu,30
lò,189
lòa,3
lòe,6
lòi,6
lòng,1098
ló,15
lóa,30
lóc,54
lóe,9
lói,6
lót,78
lô,516
lôi,288
lông,42
lõa,3
lõi,36
lõm,6
lõng,12
lùa,9
lùi,438
lùm,159
lùn,21
lùng,306
lúa,192
lúc,1371
lún,54
lúng,66
lút,30
lý,6399
lăk,3
lăm,3
lăn,129
lăng,69
lđ,507
lđbđ,39
lđlđ,105
lđnt,3
lđtb,9
lđtbxh,21
lđxk,6
lĩnh,999
lũ,855
lũa,6
lũi,3
lũng,54
lũy,30
lơ,171
lơi,6
lư,39
lưng,372
lưu,927
lươ,6
lươn,21
lương,5844
lưới,576
lướt,96
lười,57
lườm,3
lường,171
lưỡi,237
lưỡng,75
lược,855
lượn,45
lượng,2568
lượt,468
lạ,1491
lạc,441
lạch,39
lại,8154
lạm,405
lạn,6
lạng,225
lạnh,534
lạp,258
lạt,204
lạy,9
lả,12
lảo,12
lấm,9
lấn,222
lấp,159
lấy,1140
lầm,612
lần,4524
lầu,351
lầy,36
lẩm,3
lẩn,48
lẩu,9
lẩy,18
lẫm,15
lẫn,183
lẫy,33
lận,648
lập,3957
lật,540
lậu,642
lậy,174
lắc,93
lắk,393
lắm,174
lắng,537
lắp,456
lắt,18
lằn,51
lẳng,3
lẵng,3
lặc,3
lặn,99
lặng,378
lặp,78
lặt,3
lẹ,3
lẹt,6
lẻ,357
lẻo,24
lẽ,117
lẽo,3
lến,3
lề,51
lều,24
lễ,1242
lệ,975
lệch,336
lệnh,2175
lỉnh,6
lỉu,6
lịch,3018
lịm,33
lọ,30
lọc,387
lọng,3
lọt,627
lỏi,33
lỏm,3
lỏng,246
lố,9
lốc,72
lối,306
lốp,177
lốt,123
lồ,414
lồng,81
lỗ,1320
lỗi,1308
lộ,4725
lộc,204
lội,135
lộn,201
lộng,84
lột,273
lới,6
lớn,4791
lớp,1710
lờ,255
lời,2127
lờn,3
lở,183
lởm,3
lỡ,345
lợi,2265
lợn,618
lợp,3
lụa,48
lục,2217
lụi,18
lụn,3
lụt,144
lụy,81
lủng,3
lứa,45
lứt,12
lừ,24
lừa,1416
lừng,36
lửa,5370
lửng,48
lữ,18
lững,6
lự,9
lựa,312
lực,4545
lựu,33
lỳ,12
m,606
m1,94
m1a2,16
m2,539
m3,14
m60a3,8
ma,4544
mabkhout,16
mabppe,8
mac,4086
macao,24
macau,15
macbook,118
macca,8
macedonia,31
mach,310
macron,48
made,317
madison,8
madrid,4757
madridista,7
madrigal,7
maduro,192
maelbeek,8
mafia,47
magsafe,8
maguire,152
maguirre,8
mah,8
mahathir,46
mahrez,24
mai,3889
maidan,31
major,8
make,16
makeup,8
maks,14
malalaysia,8
malasyia,7
malaysia,7162
malayxia,8
malcom,8
maldini,8
maldives,103
malley,7
mallorca,24
mam,481
mames,8
man,10881
manbij,46
manche,24
manchester,31
mancini,70
mane,84
mang,5856
mangkhut,64
manh,3235
manhattan,15
manila,80
mannschaft,8
manny,32
mano,16
manor,8
manpads,8
manpowergroup,15
mansory,16
manuel,8
mao,245
map,75
maps,8
maradona,376
marathon,48
marawi,87
marc,16
marcelino,8
marco,16
marcos,7
marcus,16
margin,40
maria,80
marid,7
mario,8
marissa,8
maritime,16
mariupol,209
mark,279
marketing,84
markle,32
marn,8
marriott,8
marseille,31
mart,8
martial,203
martin,192
martinez,77
marwijk,68
marx,7
masan,156
maserati,64
mashup,8
maslow,8
mason,16
massa,8
massage,61
masterchef,16
masters,118
mat,6938
mata,16
mate,40
mate40,8
matic,48
matrix,8
matsui,23
matteo,8
matthijs,8
mattis,15
matuidi,7
matxcova,2
mau,2834
maurico,8
mauro,8
max,420
max4d,8
may,6112
maybach,39
mayer,8
mayorga,8
mayweather,402
mazda,283
mazda2,16
mazda3,120
mazda6,8
mb24,48
mba,8
mbappe,676
mc,224
mc20,8
mccain,318
mcdonald,15
mcgregor,477
mclaren,32
mcmenemy,68
mctominay,40
mdb,16
me,1414
meatlife,16
mech,1
mechelen,8
media,54
mediatek,8
medvedev,156
megapixel,8
meghan,159
meiji,23
mekong,80
melania,327
melbourne,8
meldegesetz,8
melitopol,8
melnikova,8
mem,146
memorial,16
memphis,16
men,231
mendizorrotza,7
meng,8
menh,138
mentor,8
meo,265
mep,8
mercedes,546
merkel,364
merlo,16
merseyside,8
mertesacker,8
messenger,103
messer,7
messi,5707
mestalla,16
mesut,72
met,141
metro,412
metropole,16
metropolitano,16
meu,16
mexico,616
mg,32
mh,7
mh17,152
mhardeh,8
mhb,47
mi,364
mi632,8
mia,104
miami,8
mice,8
mich,4
michael,64
michel,8
michelin,8
michelle,168
michigan,63
mickelson,40
mickey,8
micro,24
microsoft,309
midas,7
midcap,8
midu,79
mie,1
mien,1396
mieng,179
miet,76
mieu,34
mig,64
mihail,8
mike,256
mikel,56
milan,406
milano,56
milimet,8
milimeterwave,8
milk,8
milner,8
mim,14
mimi,8
min,616
mina,24
minamino,32
mindanao,8
ming,7
minh,6237
mini,422
minibrahmos,7
mining,48
minivan,8
mino,16
minsk,56
minuteman,7
miranchuk,8
mishustin,16
mislav,8
miss,48
mississippi,8
mit,80
mitsubishi,422
mitt,16
miura,192
mivec,8
miê,3
miên,24
miêu,27
miến,21
miếng,138
miết,12
miếu,24
miền,957
miều,3
miễn,1143
miện,9
miệng,180
miệt,105
mkhitaryan,8
mlm,24
mm,8
mma,252
mo,3623
mobifone,16
mobile,103
mobilio,8
moc,635
mode,8
model,208
moderna,197
modi,7
modric,93
moenchengladbach,7
mohamed,120
mohammed,8
moi,8831
moise,24
mokara,8
molave,16
moldova,22
molnupiravir,8
mom,13
momo,8
mon,1336
mona,7
monaco,16
monchengladbach,32
money,8
mong,2084
monkey,8
monogram,8
montenegro,31
montpellier,16
moody,28
moon,64
mop,28
morata,160
morgan,8
morikawa,8
morning,92
morocco,24
moscow,458
moskva,63
mossack,8
mosul,435
mot,4728
moto,47
motogp,16
motoguzzi,8
motor,96
motorcycle,8
motorola,40
motorrad,16
motors,8
motorshow,8
mount,16
mourinho,1990
movenpick,8
moyes,30
mozambique,32
mp,7
mpv,54
mq,7
mr,15
mrna,8
mt,245
mtm,8
mtp,16
mts,7
mttq,32
mtv,16
mu,2080
mua,17430
muaban24,242
muachung,57
muaddamiyah,8
muangthong,918
muare,7
muay,104
muc,2514
mueller,31
mugabe,8
muhammad,8
mui,478
muller,32
multisim,8
multistrada,24
mum,6
mun,6
mundus,16
mung,672
munich,1024
muo,1
muoi,71
muon,2471
muong,47
muop,4
muot,29
murray,39
museum,8
musk,462
mustang,72
musudan,24
mut,18
muu,529
muô,3
muôn,78
muối,84
muốn,3351
muống,24
muồi,3
muồng,3
muỗi,12
muỗng,3
muộn,171
mv,8
mxh,24
my,17289
myanmar,1653
myke,32
mà,1032
mài,78
màn,1263
màng,45
mành,3
mào,24
màu,519
mày,42
má,36
mác,93
mách,66
mái,198
mánh,60
máo,3
mát,159
mátxcơva,3
máu,615
máy,6429
mâ,15
mâm,45
mâu,156
mây,132
mã,837
mãi,171
mãn,126
mãng,15
mãnh,33
mè,6
mèm,9
mèo,66
méo,186
mép,12
mét,102
mê,627
mênh,3
mì,78
mìn,99
mình,1431
mí,93
mía,126
mích,6
mít,78
mò,51
mòi,3
mòn,126
mòng,3
mó,12
móc,138
mói,6
món,375
móng,63
móp,30
mót,6
mô,603
môi,903
môn,1536
mông,69
môtô,39
mõm,3
mù,219
mùa,1971
mùi,159
mùng,39
mú,18
múa,195
múc,12
múi,60
mún,3
mút,3
mă,3
măng,96
mĩm,9
mũ,159
mũi,465
mũm,9
mơ,822
mơn,9
mư,6
mưa,999
mưu,810
mươi,6
mương,15
mướn,6
mướp,6
mướt,36
mười,18
mường,30
mượn,183
mượt,18
mạ,69
mạc,246
mạch,378
mại,1404
mạn,111
mạng,2784
mạnh,4767
mạo,348
mạt,21
mả,6
mải,33
mảng,51
mảnh,159
mất,4320
mấu,24
mấy,96
mầm,471
mầu,6
mẩn,120
mẩu,6
mẫm,3
mẫn,12
mẫu,1338
mận,66
mập,138
mật,1287
mậu,36
mắc,5397
mắm,222
mắn,318
mắng,60
mắt,2061
mặc,444
mặn,210
mặt,3702
mẹ,1296
mẹo,210
mẹt,3
mẻ,30
mẽ,300
mếch,3
mến,30
mếu,27
mề,3
mềm,237
mền,6
mệnh,228
mệt,144
mỉ,6
mỉa,36
mỉm,12
mị,6
mịt,27
mọc,102
mọi,699
mọn,6
mọt,6
mỏ,351
mỏi,231
mỏng,93
mốc,639
mối,630
mống,9
mốt,42
mồ,189
mồi,75
mồm,9
mồn,3
mồng,12
mổ,123
mỗi,1908
mộ,801
mộc,135
mộng,495
một,7158
mớ,27
mới,9075
mờ,240
mời,543
mở,2244
mởn,9
mỡ,246
mụ,3
mục,1254
mụn,9
mủ,3
mứa,6
mức,2475
mứt,27
mừng,1011
mực,114
mỳ,36
mỹ,27177
n,928
n03,8
n04b1,7
n1,8
n2,8
na,497
nac,29
nach,17
nadal,890
nafta,8
naftogaz,8
nagasaki,8
nagorno,35
nai,1331
nail,69
najib,16
nam,78153
nama,8
name,7
nan,1864
nang,5844
nanh,6
nani,23
nano,24
nanocovax,163
nanogen,8
nao,3113
nap,88
napie,8
napoli,94
nara,8
nargono,7
nasa,64
nat,262
national,8
nations,24
nato,2943
natuna,32
nau,84
nauru,8
nauy,8
navalny,79
navara,54
nay,4686
ncap,8
ncov,249
nd,11
ndn,8
ndt,49
ne,343
neft,16
nem,473
nen,1993
neo,139
neon,8
nep,10
nepal,310
nerekhta,7
net,116
netanyahu,7
netflix,53
nettuno,8
neu,1947
neuer,32
nevada,40
neville,23
new,1293
newcastle,169
news,63
nexo,24
next,55
neymar,1050
nfc,8
nft,8
ng,889
nga,39228
ngac,128
ngach,63
ngai,1122
ngam,1223
ngan,3293
ngang,1845
nganh,1259
ngao,279
ngap,314
ngat,193
ngau,42
ngay,10620
nghe,5545
nghen,112
nghenh,32
ngheo,788
nghet,138
ngheu,4
nghi,15560
nghia,372
nghich,152
nghie,12
nghiem,2519
nghien,427
nghieng,75
nghiep,6560
nghiet,34
nghim,2
nghin,1328
nghinh,2
nghit,23
nghiê,9
nghiêm,1188
nghiên,432
nghiêng,117
nghiẹ,6
nghiến,9
nghiền,48
nghiệm,2709
nghiện,204
nghiệp,10236
nghiệt,60
nghèo,1257
nghé,12
nghén,6
nghê,6
nghênh,48
nghêu,6
nghìn,2022
nghĩ,288
nghĩa,585
nghĩnh,3
nghẹn,114
nghẹt,222
nghẽn,69
nghẽo,3
nghề,4215
nghễ,9
nghệ,2616
nghỉ,3630
nghỉm,3
nghị,4158
nghịch,237
nghịt,36
ngo,3707
ngoa,14
ngoac,2
ngoai,3728
ngoan,313
ngoanh,9
ngoat,87
ngoc,797
ngoe,15
ngoi,2737
ngom,5
ngon,814
ngong,98
ngop,70
ngot,307
ngoài,2685
ngoái,45
ngoãn,3
ngoại,3135
ngoạn,198
ngoải,6
ngoảnh,18
ngoắt,27
ngoặc,6
ngoặt,108
ngu,1382
ngua,359
nguc,89
ngui,42
ngum,2
ngun,24
ngung,948
nguo,10
nguoc,797
nguoi,17740
nguon,852
nguong,404
ngup,6
ngut,32
nguu,1
nguy,9481
nguye,1
nguyen,3300
nguyet,20
nguyê,3
nguyên,2325
nguyền,27
nguyễn,1884
nguyện,867
nguyệt,30
nguô,3
nguôi,6
nguồn,1287
nguội,114
nguỵ,3
ngà,93
ngài,6
ngàn,1113
ngàng,240
ngành,1929
ngào,183
ngày,10143
ngác,27
ngách,12
ngán,156
ngáng,33
ngáo,21
ngáp,3
ngát,9
ngáy,15
ngâm,30
ngân,2679
ngâu,36
ngây,54
ngã,510
ngãi,624
ngòi,144
ngòm,9
ngó,87
ngóc,9
ngói,12
ngón,27
ngóng,123
ngót,9
ngô,135
ngôi,2913
ngôn,306
ngông,27
ngõ,174
ngùi,63
ngùn,36
ngùng,6
ngút,12
ngă,6
ngăm,3
ngăn,840
ngũ,327
ngơ,99
ngơi,45
ngư,765
ngưng,120
ngưu,3
ngươ,27
ngươi,30
ngước,6
người,26982
ngưởng,45
ngưỡng,558
ngược,1251
ngượng,12
ngạc,171
ngạch,93
ngại,1206
ngạn,33
ngạnh,3
ngạo,18
ngạt,24
ngả,144
ngải,3
ngấm,84
ngấp,12
ngất,174
ngấy,18
ngầm,1092
ngần,15
ngầu,6
ngẩm,39
ngẩn,54
ngẩng,3
ngẫm,21
ngẫu,36
ngậm,123
ngập,501
ngắc,6
ngắm,591
ngắn,189
ngắt,57
ngặt,45
ngọ,42
ngọc,1194
ngọn,75
ngọt,270
ngỏ,204
ngốc,18
ngốn,57
ngồi,678
ngổ,3
ngổn,39
ngỗng,15
ngộ,186
ngộp,3
ngột,219
ngớ,33
ngớt,6
ngờ,4485
ngời,51
ngỡ,252
ngợi,459
ngợp,111
ngụ,3
ngục,96
ngụm,3
ngụp,12
ngụt,36
ngụy,39
ngủ,417
ngủi,3
ngứa,15
ngừ,132
ngừa,384
ngừng,1299
ngửa,96
ngữ,420
ngự,87
ngựa,108
ngực,69
nh,350
nha,11283
nhac,582
nhach,1
nhai,101
nham,1005
nhan,15494
nhang,82
nhanh,4275
nhao,127
nhap,3969
nhat,10101
nhau,3920
nhay,311
nhe,278
nhech,4
nhem,27
nhen,34
nheo,12
nhep,2
nhet,14
nhi,1620
nhich,24
nhie,7
nhiec,1
nhiem,3711
nhien,429
nhiep,10
nhiet,524
nhieu,5002
nhim,1
nhin,569
nhip,241
nhiê,21
nhiên,666
nhiêu,558
nhiếc,3
nhiếp,15
nhiều,7074
nhiễm,3309
nhiễu,72
nhiệm,2430
nhiệt,885
nhnn,182
nho,2296
nhoa,25
nhoang,32
nhoc,166
nhoe,2
nhoi,79
nhom,1106
nhon,173
nhong,4
nhot,34
nhoà,12
nhoáng,57
nhu,3570
nhua,33
nhuan,179
nhuc,84
nhue,22
nhum,8
nhun,2
nhung,6948
nhuoc,25
nhuom,42
nhuong,787
nhut,16
nhuy,4
nhuần,3
nhuận,279
nhuệ,36
nhuốc,3
nhuốm,12
nhuộm,69
nhà,13368
nhài,3
nhàm,9
nhàn,39
nhàng,48
nhành,6
nhào,96
nhá,6
nhác,21
nhách,3
nhái,105
nhánh,72
nháo,57
nháp,9
nhát,12
nháy,18
nhâ,60
nhâm,3
nhân,14430
nhã,30
nhãn,174
nhãng,6
nhè,3
nhèm,12
nhé,9
nhép,3
nhét,21
nhì,114
nhìn,840
nhí,84
nhích,42
nhím,3
nhòa,45
nhòe,3
nhòm,21
nhóc,3
nhói,15
nhóm,1485
nhót,18
nhô,3
nhôm,270
nhõm,9
nhõng,3
nhùng,15
nhúc,15
nhún,3
nhúng,39
nhă,9
nhăm,15
nhăng,3
nhĩ,1791
nhũng,441
nhơ,18
nhơn,108
như,4227
nhưng,1671
nhường,153
nhưỡng,72
nhược,39
nhượng,978
nhạ,156
nhạc,225
nhại,3
nhạn,3
nhạo,27
nhạt,180
nhạy,81
nhả,36
nhảm,21
nhản,21
nhảnh,3
nhảy,453
nhấc,3
nhấm,3
nhấn,297
nhấp,45
nhất,9606
nhầm,429
nhầy,12
nhẫn,183
nhậm,501
nhận,7587
nhập,6048
nhật,5943
nhậu,171
nhắc,648
nhắm,126
nhắn,270
nhằm,414
nhằn,237
nhằng,12
nhẵn,3
nhặt,108
nhẹ,387
nhẹm,30
nhẹt,3
nhẻm,3
nhẽ,9
nhẽo,6
nhếch,6
nhện,6
nhỉ,3
nhị,78
nhịn,33
nhịp,366
nhọ,21
nhọc,258
nhọn,36
nhỏ,858
nhối,75
nhốn,3
nhốt,51
nhồi,27
nhổ,30
nhổm,36
nhổn,33
nhộn,96
nhộng,3
nhớ,423
nhớt,3
nhờ,1860
nhờn,3
nhở,87
nhởn,3
nhỡ,12
nhụa,3
nhục,30
nhụy,6
nhủ,33
nhức,87
nhử,6
những,8418
nhựa,54
nhựt,27
ni,42
nicaragua,8
nich,3
nick,7
nickname,8
nicolas,16
nie,18
niem,566
nien,618
nieu,1
nigeria,24
niguez,8
nike,15
nikki,8
nikko,8
nikon,7
nilon,30
nin,47
ning,16
ninh,7188
ninja,134
nintendo,32
nishino,939
nissan,687
nissey,32
nistelrooy,15
nit,1
niu,32
nixon,22
niê,30
niêm,123
niên,948
niêu,3
niềm,468
niệm,279
nkt,39
nld,22
nlđ,21
nm,7
nmld,8
nn,51
no,3249
no83m,8
nobel,448
noc,41
noel,100
noi,13174
noire,8
nokia,48
nom,22
non,1297
nong,2636
nop,357
nord,8
norman,8
normandie,15
normandy,24
north,8
norwich,47
not,25
note,72
note20,126
nottingham,16
nou,72
nouvo,7
novagroup,8
novak,120
novaland,30
novichok,16
now,7
np300,8
nq,176
nsdld,2
nsdlđ,3
nsnd,176
nu,4171
nua,888
nuc,111
nui,353
nung,49
nuo,5
nuoc,5919
nuoi,926
nuom,18
nuong,58
nuop,17
nuot,77
nuou,2
nup,33
nurmagomedov,24
nursa,7
nusra,72
nut,202
nutifood,8
nuôi,1326
nuông,6
nuối,114
nuốt,108
nuột,30
nv,32
nv1,23
nv2,16
nvbs,24
nvx,40
nxb,24
nylon,8
nà,30
nài,9
nàn,42
nàng,165
nành,12
nào,5532
này,885
ná,18
nách,30
nái,12
náo,144
nát,354
náu,24
náy,6
nâng,1044
nâu,6
nã,321
não,171
né,267
ném,672
nén,36
néo,6
nét,138
nê,18
nêm,3
nên,2136
nêu,420
nín,108
nít,3
níu,27
nòi,15
nòng,36
nó,21
nóc,72
nói,5304
nón,15
nóng,2472
nô,102
nôi,6
nôn,15
nông,2016
nõn,3
nùng,3
núi,585
núng,3
núp,75
nút,231
nă,9
năm,11715
năn,9
năng,2745
nđ,30
nơ,87
nơi,1299
nơm,27
nư,6
nưa,6
nươ,15
nương,48
nước,9363
nướng,39
nướu,3
nườm,30
nượp,30
nạ,42
nạc,18
nại,216
nạn,1944
nạng,12
nạo,21
nạp,33
nạt,102
nải,6
nản,48
nảy,186
nấc,12
nấm,156
nấp,6
nấu,90
nấy,21
nầm,12
nần,84
nẩy,3
nẫng,6
nậm,6
nập,90
nậu,15
nắm,282
nắn,216
nắng,546
nắp,6
nằm,570
nằng,12
nẵng,3330
nặc,15
nặn,33
nặng,1602
nẹt,12
nẻ,3
nẻo,42
nếm,48
nến,30
nếp,18
nết,6
nếu,2592
nề,198
nền,864
nể,117
nệ,6
nện,9
nỉ,18
nịch,6
nịnh,24
nọ,6
nọc,3
nỏ,3
nốc,3
nối,495
nốt,39
nồi,60
nồm,3
nồng,141
nổ,1248
nổi,2130
nỗ,333
nỗi,843
nộ,261
nội,11892
nộm,3
nộp,522
nới,348
nớp,24
nở,279
nỡ,12
nợ,2811
nụ,114
nục,15
nủa,3
nức,150
nứt,108
nửa,1077
nữ,6309
nữa,315
nực,12
o,21049
oa,65
oach,2
oai,89
oan,1616
oanh,128
oat,2
obama,3869
obamacare,48
oc,285
ocb,15
ocean,32
oceanbank,163
oceanbankvoi,2
oceanbankvới,3
oceanpark,8
ocg,8
oda,289
odegaard,24
odessa,24
odoi,14
odyssey,56
off,98
offer,7
officetel,38
ogilvy,8
ohsumi,8
oi,59
okhotnik,15
okinawa,24
olala,8
old,224
ole,8
oled,24
oliver,8
olkha,8
olympia,603
olympiacos,14
olympiakos,8
olympic,4230
olympus,16
om,532
oman,161
omar,16
omicron,16
on,702
one,55
onecoin,24
oneplus,8
ong,11314
oniks,8
online,987
op,14
opec,85
opel,16
open,536
opera,8
oppo,110
oprah,16
oracle,8
orient,8
orlando,111
orsic,8
os,7
osaka,260
osama,47
osasuna,23
osce,16
oseni,8
osin,146
osius,62
osprey,8
ossetia,23
osvaldo,8
ot,47
oto,419
ounce,98
out,330
outlander,72
owen,16
oxfam,7
oxford,39
oxlade,7
oxy,182
oz,21
ozil,136
oà,27
oách,6
oái,3
oát,3
oă,3
oải,15
oằn,57
p,448
p1,28
p2,56
p3,7
p40,8
p5,14
pa,199
pac,2
pacific,16
pacquiao,47
pagani,40
page,8
pajero,32
pak,39
pakistan,455
palace,179
palestine,192
palin,8
palisade,24
palmetto,32
palmyra,686
panaad,15
panama,451
panamera,8
panenka,31
pantsir,29
pao,15
paolo,16
pap,7
papers,7
papua,40
para,8
paraguay,78
paralympic,8
pardubice,7
paris,906
park,10607
parken,8
parkson,95
parma,8
pasteur,24
patek,8
pathum,16
patrice,8
patrick,16
patriot,181
patrol,8
paul,367
paulo,8
pavlyuchenkova,7
payet,8
pb,8
pc,8
pca,103
pccc,39
pci,62
pcr,78
pcx,24
pdf,16
pele,153
pelosi,8
pen,24
penalty,167
pencak,16
pence,181
penh,15
penhouse,8
penn,8
pennsylvania,87
penthouse,88
pep,215
pepe,8
pepino,16
peptit,8
per,8
perez,86
peru,118
pes,8
peso,8
petal,8
pete,16
petec,7
peter,16
petersburg,16
peterson,7
petro,16
petroland,32
petrolimex,500
petromanning,7
petrovietnam,31
peugeot,48
pfa,16
pfizer,412
pfl,8
pg,38
pga,32
pgbank,31
pgd,6
pgs,85
pgđ,9
pha,2775
phac,20
phach,7
phai,4303
pham,3058
phan,5678
phang,136
phanh,620
phantom,47
phao,669
phap,2083
pharma,902
phat,6118
phatxit,2
phau,79
phay,1
phe,1546
phen,28
phenh,1
pheo,4
phep,1313
pheu,24
phi,6212
phia,441
phich,6
phie,1
phien,1134
phiet,23
phieu,1296
phil,56
philadelphia,7
philipines,24
philipp,8
philippe,63
philippines,7943
phillippines,8
phim,948
phinh,11
phiê,3
phiên,1038
phiêu,24
phiến,615
phiếu,1992
phiền,72
phiệt,36
phnom,16
pho,4281
phoc,3
phoi,568
phon,12
phong,9908
phot,125
photo,14
photos,15
photoshop,30
php,79
phu,7055
phuc,2085
phui,122
phuket,8
phun,344
phung,164
phuoc,139
phuong,3356
phuot,32
phut,604
phà,9
phàm,6
phàn,42
phàng,66
phào,54
phá,2559
phác,30
phách,12
phái,318
phán,1629
pháo,852
pháp,3240
phát,5877
phátxít,3
phâ,6
phân,1263
phèn,15
phèo,12
phép,2097
phê,582
phì,18
phình,21
phí,2886
phía,663
phích,12
phím,3
phò,3
phòng,4956
phó,3450
phóng,1842
phô,201
phôi,21
phông,6
phù,339
phùn,6
phùng,195
phú,3792
phúc,1029
phút,951
phăng,39
phũ,75
phơi,75
phương,2745
phước,219
phường,222
phượng,2265
phượt,69
phạm,3654
phạt,3453
phả,33
phải,6171
phản,2130
phảng,3
phấn,378
phấp,6
phất,30
phần,1290
phẩm,1161
phẩy,3
phẫn,234
phẫu,123
phận,516
phập,18
phật,78
phẳng,87
phế,261
phễnh,3
phệ,6
phỉ,9
phọt,3
phỏng,240
phố,2475
phối,216
phốt,18
phồn,18
phồng,30
phổ,402
phổi,579
phộng,3
phớ,9
phớc,6
phớt,204
phờ,6
phở,72
phụ,2487
phục,1893
phụng,15
phụt,3
phủ,2175
phủi,3
phức,345
pi,15
piaggio,16
picasso,8
pick,14
pickford,16
pickup,8
picnic,8
pierre,32
piki,8
pin,611
pinto,8
pique,40
pirelli,8
pirlo,70
pit,8
pitbull,24
pixel,8
pizjuan,8
pizza,108
pkdk,2
pkđk,3
pla,8
plastic,8
platni,8
play,127
playboy,8
playstation,8
plaza,85
pleiku,120
plus,110
plutonium,24
plzen,8
pmu,8
pmu18,8
pnc,8
pnj,87
po,14
pochettino,124
poco,16
podium,8
pogba,1129
point,8
poirier,15
poirirer,8
poitiers,7
pokemon,65
poker,8
pokémon,3
polking,45
polyester,8
pompeo,97
ponzi,8
pop,21
porier,8
poroshenko,80
porsche,200
port,8
porter,16
portland,8
porto,70
portsmouth,7
portuguese,8
posco,8
post,32
pouchen,32
pouyuen,128
power,71
powerball,32
powershift,24
poyun,16
ppp,39
pr,15
prado,8
praha,15
premeir,8
premier,1168
president,31
prestima,8
princess,16
princeton,8
prius,16
prix,8
pro,627
prohod,7
protein,8
proton,16
psa,8
psg,1652
psv,16
pt,16
ptnn,7
ptnt,28
ptt,24
ptth,8
pu,40
puh,2
puli,8
pulisic,8
pullman,8
pumpanmuang,8
pushkin,8
puskas,8
putin,9238
pv,64
pvc,460
pvcland,7
pvfc,56
pvfi,7
pvn,394
pvtex,7
pà,3
pác,3
pò,3
pô,9
pơ,3
pưh,3
pồ,6
q2,15
q3,8
q4,8
q5,8
q50,8
q7,16
q8,16
qaeda,108
qamishli,7
qaryatayn,7
qatar,909
qd,1
qdnd,2
qg,31
qghn,16
qgtphcm,8
qh,15
qhkt,8
ql,8
ql5,8
qlda,8
qltt,24
qr,54
qs,16
qua,16633
quac,30
quach,34
quai,167
qualcomm,56
quan,23681
quang,6521
quangnam,8
quanh,1087
quat,251
quay,2731
que,750
queiroz,45
quen,966
quet,163
qui,63
quique,40
quo,49
quoc,20379
quraytayn,8
quy,7124
quye,3
quyen,2012
quyet,3385
quynh,21
quyt,33
quyê,9
quyên,78
quyến,195
quyết,5169
quyền,2841
quyển,9
quyện,3
quyệt,6
quà,915
quá,1959
quách,51
quái,396
quán,1350
quáng,15
quát,21
quân,7665
quây,18
quãng,6
què,3
quèn,3
quét,267
quê,939
quên,381
quô,63
quý,732
quýt,33
quăng,6
quạ,3
quạt,60
quả,3204
quản,1341
quảng,3561
quấn,6
quất,252
quấy,126
quần,297
quầy,18
quẩn,18
quẩy,9
quẫn,15
quận,672
quật,78
quậy,9
quắc,3
quặc,48
quặn,6
quặng,48
quẹt,3
quế,210
quệ,15
quệt,6
quốc,31728
quỳ,156
quỳnh,33
quỵ,120
quỵt,21
quỷ,129
quỹ,756
qđ,3
qđnd,3
r,59
r1200,8
r1200gs,16
r3,28
r5,14
r6,16
r8,8
ra,22364
rabbit,8
rabia,7
rabona,8
rac,235
rach,27
radar,160
radio,8
raemian,8
rafael,215
rafale,8
rafinha,7
raglai,16
rahm,40
rai,65
raiola,23
raize,8
rajamangala,8
rajevac,24
rakitic,47
ram,249
ramadi,40
ramos,268
ramsey,23
ran,450
rang,295
range,40
ranger,229
ranh,272
ranieri,8
rao,1245
raonic,8
rap,527
raphael,16
rapper,8
raptor,110
raqa,8
raqqa,354
rarz,8
rashford,178
rasid,16
rat,633
rating,8
rau,1776
ray,142
razr,24
rb,64
rc,8
rd,7
re,1140
reading,7
real,4666
reaper,16
rebel,16
red,16
redmi,8
redoxy,14
ree,8
reims,8
remdesivir,32
remix,8
ren,89
renato,8
renault,170
reno3,8
reno4,48
reo,27
rep,2
reports,16
research,7
reserve,54
residence,8
resort,126
ret,125
reu,4
reus,16
reuters,53
review,7
reviewer,8
rewind,8
rex,16
reyes,8
ri,121
ria,78
rica,63
rich,112
richard,32
richarlison,16
richter,32
rickie,8
ricons,7
ridge,8
riedl,63
rieng,472
riet,89
rieu,2
rihanna,8
rijkaard,8
rimario,8
rimelan,7
rin,2
rinh,116
rio,24
rit,4
riu,9
rivaldo,45
riviera,8
rizal,16
riêng,732
riết,141
riếu,3
rmit,16
ro,2246
road,29
roadshow,7
roadster,23
robben,8
robbins,16
roberto,16
robot,620
robots,8
roc,16
roccuzzo,8
rock,46
rocket,190
rod,8
roda,8
rodgers,32
rodon,8
rodong,8
rodrigo,16
rodriguez,116
rodríguez,6
roger,111
roi,2604
rojo,8
roland,504
rolex,15
rolls,277
rom,56
roma,108
romania,62
rome,71
romelu,24
romney,23
ron,407
ronado,7
ronald,120
ronaldinho,298
ronaldo,6509
rong,1192
room,61
rooney,88
roosevelt,16
rop,11
ros,8
rosalind,8
rot,266
rouhani,8
rover,120
rovers,16
rowing,31
roy,48
royal,8
royce,277
rpg,15
rpo,7
rs,16
rsv,8
rt,7
ru,270
rua,218
rubella,7
rubik,7
ruble,8
rublev,8
ruc,322
rudiger,8
rugani,8
rui,277
rum,4
run,214
runflat,8
rung,1031
ruoc,60
ruoi,79
ruom,14
ruong,75
ruot,198
ruou,194
rup,52
rush,54
rut,1258
ruốc,24
ruồi,48
ruồng,15
ruổi,6
ruộng,108
ruột,288
ryan,40
ryong,7
rà,429
ràng,93
rành,3
rào,426
rá,3
rác,303
rách,42
rái,3
rán,27
ráng,6
ráo,150
ráp,234
rát,9
ráy,3
râm,3
râu,57
rã,42
rãi,12
rãnh,12
rè,6
rèn,63
rén,15
réo,12
rét,177
rê,18
rên,6
rìa,24
rình,51
rìu,15
rích,6
rít,6
rò,135
ròi,3
ròng,225
rói,21
rón,15
rót,162
rô,15
rôn,36
rông,24
rõ,1047
rùa,45
rùm,3
rùng,78
rú,18
rúm,3
rúng,105
rúp,81
rút,1965
ră,3
răm,3
răn,84
răng,81
rĩ,3
rũ,225
rơi,1611
rơm,48
rơn,3
rưng,9
rươi,6
rước,75
rướm,3
rười,3
rườm,18
rưởi,6
rưỡi,57
rượi,24
rượt,69
rượu,327
rạ,12
rạc,9
rạch,6
rạn,48
rạng,159
rạo,3
rạp,60
rả,3
rải,42
rảnh,15
rảo,3
rất,990
rầm,264
rần,39
rầu,9
rầy,9
rẩy,30
rẫy,78
rậm,6
rập,495
rắc,69
rắm,6
rắn,510
rằm,60
rằng,78
rẻ,1611
rẻo,9
rẽ,93
rết,9
rề,3
rể,168
rễ,39
rệp,3
rệt,15
rệu,6
rỉ,150
rỉnh,9
rịa,90
rịch,126
rịn,3
rọ,6
rọc,3
rọi,3
rốc,12
rối,369
rốn,36
rốt,30
rồ,24
rồi,702
rồng,387
rổ,24
rỗi,12
rỗng,27
rộ,516
rộn,123
rộng,978
rộp,9
rớm,3
rớt,273
rời,1362
rởm,48
rỡ,258
rợ,3
rợn,42
rợp,12
rục,129
rụi,57
rụng,51
rụt,6
rủ,111
rủa,9
rủi,363
rủn,6
rủng,9
rừng,576
rửa,315
rữa,3
rực,387
s,2765
s1,14
s20,86
s21,197
s500,8
s600,8
sa,3365
saa,40
sabeco,1294
sabra,8
sabrina,8
sac,1056
sach,2188
sachs,7
sacombank,603
sadio,24
saenuri,8
safawi,16
safety,15
sagger,8
saha,7
sai,6437
saigon,16
saint,62
saka,7
salad,15
salah,289
salami,7
sale,85
sales,16
salesforce,7
salzburg,23
sam,329
samoa,8
sampdoria,8
sampras,8
samson,40
samsung,955
samurai,23
san,8381
sancheong,8
sanches,8
sanchez,267
sancho,347
sanders,56
sane,32
sang,11427
sangju,8
sangmu,7
sanh,489
santa,48
santafe,39
sao,17253
sap,2138
sapa,132
sapporo,16
sar,14
sarachat,7
sarah,16
sarajevo,15
sarkozy,56
sarmat,16
sarri,115
sars,7689
sas,8
sasco,16
saso,8
sat,3415
satan,35
sau,30878
saudel,24
saudi,431
saul,16
savanakhet,14
say,429
sayyaf,24
sbic,8
sbt,8
sc,112
sc2,8
scan,8
scandal,248
scarborough,235
schalke,55
schauffele,24
schengen,15
schmeichel,39
schmidt,16
scholes,60
schumacher,24
schwab,8
schwartzman,16
scic,357
scirocco,23
scmp,7
scolari,16
scooter,16
scopus,7
scotland,120
scott,8
scrambler,8
sdf,32
sdp,8
se,7079
sea,1672
seahawk,8
seal,24
sean,8
search,8
season,7
seattle,8
sec,96
second,14
secondhand,7
sedan,104
seeding,8
sein,31
sekaku,7
selfie,30
seltos,46
sema,8
sen,891
senegal,8
senkaku,14
senna,8
seo,8442
seong,195
seongnam,7
seoul,134
sep,387
serbia,46
serena,72
sergei,16
sergio,224
sergo,8
serie,248
series,90
set,53
setien,56
seu,2
seungri,80
seven,42
sevilla,359
sex,75
sexy,117
sgk,134
sh,158
shaayrat,7
shakhtar,47
sham,7
shaming,7
shandong,72
shangri,147
shapovalov,16
sharapova,8
share,16
sharifah,8
shark,47
sharp,16
sharpe,7
shaw,48
shb,392
shear,7
shearer,8
shefffield,8
sheffield,150
sheraton,32
sheva,8
shevchenko,7
shi,7
shield,15
shilla,8
shin,232
shinawatra,94
shing,8
shinhan,8
shinzo,128
ship,63
shipper,719
shirts,8
shop,24
shopee,39
shophouse,8
shopping,8
show,464
showbiz,32
showroom,71
shtorm,8
shyn,15
si,2666
siam,8
siberia,32
sida,8
siet,370
sieu,2364
sihanoukville,8
sil,7
silat,16
silicon,46
silk,32
silva,63
sim,244
simeone,48
simon,8
simona,16
simone,8
sin,50
sinai,16
sinaloa,16
singapore,1954
singappore,8
single,7
sinh,26847
sinopharm,155
sinovac,24
sint,721
sip,4
sir,159
siri,16
siro,8
sit,2
six,8
siêu,3909
siết,621
sjafri,7
sjc,983
sk,16
skripal,71
sky,56
sl,559
slam,54
slavia,8
slim,47
sloong,8
slovakia,71
slovan,72
sm,28
smalling,15
smart,16
smartband,8
smartphone,2128
smartwatch,31
snapdragon,48
sneijder,7
snowden,14
so,9888
soa,7
soai,20
soan,94
soang,2
soat,895
soc,1297
sochaux,8
sochi,24
sociedad,145
socola,7
sofitel,8
softbank,8
software,8
sohae,8
sohagame,8
soi,527
sokha,8
solari,7
soleimani,8
soler,8
solntsepёk,3
solo,16
solomon,8
solskajer,8
solskjaer,1090
som,896
somali,8
somalia,93
somi,2
somyot,8
son,1344
sonata,16
sonet,8
song,3062
songkrasin,71
sony,40
soon,7
sop,1
sopron,8
soran,8
sorento,48
soros,8
sos,40
sot,1340
southampton,266
southern,71
southernbank,15
southgate,31
soài,6
soái,33
soán,111
soát,1410
soạn,42
soạng,3
spa,39
space,8
spacex,72
spaghetti,8
spark,23
sparta,8
spectre,8
spetsnaz,8
spi,15
spice,7
spider,8
spiegel,7
spieth,16
spinazzola,8
spirit,24
splendora,46
spo2,16
sport,179
sportback,23
sporting,8
sports,55
spotify,8
sprite,8
sputnik,102
square,8
sri,296
srimaka,8
ssangyong,32
ssbn,8
ssc,8
ssd,8
ssi,15
st,30
st24,7
st25,103
stade,8
stalin,7
stalingrad,22
stam,8
stamford,24
standard,16
stanford,16
stanley,7
star,15
starbucks,15
stars,24
start,65
startup,159
starup,8
status,22
stayhome,7
stb,8
stefanos,8
stegen,7
stent,8
stephen,8
sterling,86
steve,80
steven,8
sticker,16
stoke,16
stoltenberg,14
store,63
stratfor,8
strauss,8
stream,30
streamer,16
street,8
stress,71
struff,8
stryker,8
studio,24
stuttgart,8
stylist,8
styren,23
styrian,8
su,9474
sua,771
suarez,677
suat,1097
subaru,32
subi,8
subic,24
suburban,8
suc,1657
sudan,23
sue,2
suez,8
suga,24
sugar,14
sui,4
sukhoi,31
sum,136
summit,39
sung,1963
sunna,8
sunny,126
sunnylands,16
sunshine,8
sunview,24
suoi,33
suon,55
suong,86
suot,197
sup,112
supachai,48
supachok,47
super,224
suphanat,22
surface,48
sushi,39
susu,8
sut,498
suu,196
suv,539
suwon,16
suy,838
suyt,333
suzuki,199
suê,3
suôn,27
suông,9
suýt,504
suất,1725
suối,45
suốt,300
suồng,6
sv,473
svautobiography,8
svay,8
svd,6
sven,8
svuk,7
svđ,9
swansea,7
sweida,22
sweptail,8
swiatek,38
swift,16
swing,16
swiscoin,32
sy,223
syafiq,8
sydney,24
sync4,8
syria,16206
sà,6
sài,996
sàm,36
sàn,705
sàng,1767
sành,63
sào,78
sá,9
sách,2778
sám,12
sáng,2838
sánh,141
sáp,291
sát,4068
sáu,48
sâm,45
sân,4071
sâu,717
sã,6
séc,159
sét,78
sê,6
sên,3
sì,6
sính,30
síp,9
sít,3
sò,36
sòng,78
sóc,456
sói,33
sóng,1134
sót,255
sô,33
sôi,249
sông,1047
sõng,6
sùi,6
sùng,12
sú,6
súa,3
súc,24
súng,768
sút,270
să,15
săm,6
săn,708
sĩ,4026
sơ,1287
sơmi,3
sơn,1107
sư,1257
sưa,54
sưng,48
sưu,36
sương,33
sướng,108
sườn,60
sưởi,9
sạ,3
sạc,210
sạch,657
sạn,462
sạp,6
sạt,168
sả,3
sải,15
sản,5151
sảng,3
sảnh,6
sảo,15
sảy,21
sấm,18
sấp,15
sấu,36
sấy,15
sầm,42
sầu,162
sẩy,6
sẫm,3
sậm,3
sập,438
sậu,6
sắc,1434
sắm,339
sắn,6
sắng,54
sắp,2541
sắt,1161
sẵn,1686
sặc,12
sẹo,15
sẻ,486
sẽ,9987
sến,6
sếp,663
sếu,3
sề,3
sệt,3
sỉ,21
sọ,6
sọc,6
sọt,9
sỏ,9
sỏi,21
số,5970
sốc,1830
sống,2055
sốt,2106
sổ,1089
sổng,6
sộ,6
sộp,3
sớ,3
sới,3
sớm,1449
sờ,138
sở,2997
sởi,3
sởn,9
sỡ,42
sợ,1158
sợi,54
sụ,3
sục,69
sụp,174
sụt,495
sủa,12
sủng,30
sứ,951
sứa,15
sức,2511
sứt,9
sừng,51
sử,2643
sửa,786
sửng,72
sửu,81
sữa,357
sững,27
sự,6960
sỹ,363
t,1113
t3,32
t4,51
ta,1447
tabqa,24
tac,1989
taca,7
tach,83
tae,228
taekwondo,40
tag,8
tai,22012
tajikistan,7
taka,7
takata,110
take,7
takefusa,8
talaha,22
talent,8
tam,4382
tampines,16
tan,5443
tand,184
tandtc,16
tang,9775
tanh,36
tank,8
tanzania,16
tao,2156
taobao,8
tap,3593
tartus,59
tas,7
tasco,104
tasmania,8
tat,1017
tau,3465
taxi,1058
tay,12372
taycan,16
tb,1142
tbxh,7
tc,21
tccn,8
tcty,8
tdtdtt,3
tdtt,24
te,4627
team,14
tech,9
techcombank,16
tecnic,4
ted,80
teen,111
teerasil,72
tehran,95
telecom,24
telehealth,8
telles,8
tem,74
ten,3379
tenh,7
tenma,31
tennis,92
teo,78
tep,8
terra,23
terry,8
tesla,1219
test,360
tet,3166
texas,158
tg,8
tgd,25
tgdd,2
tgdđ,3
tgg,23
tgđ,39
th,8
tha,697
thaad,395
thac,303
thach,742
thaco,77
thads,16
thai,6807
thaibev,56
thaiholdings,16
thaksin,173
tham,10193
thammasat,16
than,3832
thang,9422
thangcua,2
thanh,18846
thao,1745
thap,1083
that,3114
thau,478
thay,7254
thayer,52
thcs,314
the,12422
theerathon,94
thein,32
them,4753
then,186
theo,6563
theodore,16
thep,658
thet,15
theta,8
thi,21801
thia,1
thiago,80
thibaut,8
thich,460
thie,6
thiem,106
thien,806
thieng,48
thiep,351
thierry,8
thiet,1600
thieu,2048
thinh,140
thit,501
thitipan,23
thiu,15
thiê,18
thiêm,87
thiên,843
thiêng,81
thiêu,90
thiếp,3
thiết,1374
thiếu,1773
thiền,12
thiều,216
thiển,6
thiểu,906
thiện,471
thiệp,528
thiệt,1074
thiệu,180
tho,2828
thoa,1012
thoai,1031
thoang,33
thoat,808
thoc,21
thoi,3476
thom,73
thomas,112
thompson,8
thon,264
thong,10756
thop,13
thot,67
thoái,438
thoáng,51
thoát,1293
thoại,1158
thoả,69
thoải,36
thoảng,6
thpt,5780
thptqg,16
thu,29188
thua,7878
thuan,994
thuat,749
thuc,4471
thuduc,88
thue,2852
thui,8
thum,2
thunberg,8
thung,370
thuo,24
thuoc,1102
thuong,6747
thuot,24
thup,1
thut,29
thuy,849
thuye,1
thuyen,332
thuyet,199
thuyê,3
thuyên,3
thuyết,309
thuyền,516
thuâ,3
thuê,945
thuô,3
thuý,12
thuần,27
thuẫn,192
thuận,1323
thuật,1182
thuế,3588
thuốc,1005
thuộc,648
thuột,27
thuở,12
thuỳ,3
thuỵ,75
thuỷ,105
thà,36
thành,8883
thày,3
thác,267
thách,1074
thái,7227
thám,201
thán,60
tháng,4962
thánh,384
tháo,669
tháp,324
thát,3
thâ,12
thâm,189
thân,1413
thâu,288
thây,3
thèm,60
thép,1080
thét,30
thê,201
thêm,6699
thì,723
thình,6
thí,1947
thía,3
thích,720
thính,57
thít,3
thò,3
thòi,48
thòm,6
thóa,6
thóc,27
thói,183
thóp,30
thót,75
thô,246
thôi,393
thôn,351
thông,4845
thù,396
thùm,3
thùng,321
thùy,42
thú,570
thúc,942
thúng,9
thúy,48
thă,9
thăm,1458
thăng,1149
thơ,597
thơi,33
thơm,30
thư,3570
thưa,30
thươ,45
thương,5385
thước,39
thướt,9
thường,1983
thưởng,1854
thược,3
thượng,1491
thạc,138
thạch,87
thạnh,6
thạo,15
thả,450
thải,1083
thảm,1068
thản,138
thảnh,33
thảo,570
thảy,3
thấm,39
thấp,1122
thất,3741
thấu,30
thấy,1062
thầm,345
thần,1593
thầu,423
thầy,1077
thẩm,519
thẩn,3
thậm,75
thận,543
thập,267
thật,882
thắc,54
thắm,150
thắn,27
thắng,5226
thắngcủa,3
thắp,69
thắt,219
thằng,18
thẳm,9
thẳng,1929
thẹn,24
thẻ,969
thế,8676
thết,3
thề,69
thềm,453
thể,8862
thệ,42
thỉnh,15
thị,4965
thịnh,141
thịt,834
thọ,183
thọc,9
thọt,3
thỏ,69
thỏa,843
thỏi,45
thỏm,63
thối,78
thốn,27
thống,11673
thốt,18
thồ,12
thổ,2166
thổi,510
thổn,9
thới,6
thớt,9
thờ,123
thời,4137
thở,717
thợ,480
thụ,531
thục,54
thụp,3
thụt,48
thụy,312
thủ,12477
thủa,3
thủng,144
thủy,735
thứ,3171
thức,3279
thừa,1401
thừng,105
thử,2064
thửa,153
thự,618
thực,2652
ti,1128
tia,151
tich,3372
tie,40
tiec,447
tiem,1560
tien,14929
tieng,2128
tiep,4447
tiet,1678
tieu,2503
tiger,64
tigers,32
tiguan,16
tiktok,736
tiktoker,56
tillerson,40
tim,3154
time,71
times,273
timo,40
timor,119
timviec365,7
tin,14778
tinh,11341
tiqui,14
tisco,23
tit,35
titan,7
tiu,11
tivi,70
tiê,33
tiêm,2046
tiên,11478
tiêu,3333
tiếc,480
tiếm,3
tiến,2637
tiếng,3300
tiếp,6834
tiết,2541
tiếu,3
tiềm,192
tiền,9009
tiều,6
tiểu,486
tiễn,81
tiễu,6
tiệc,246
tiệm,117
tiện,252
tiệp,9
tiệt,3
tkv,55
tmcp,16
tmdt,4
tmđt,6
tn,210
tncn,31
tncs,8
tnhh,88
tnld,1
tnlđ,3
tnmt,8
tnt,16
tnxp,15
to,7223
toa,2221
toac,16
toan,4217
toang,124
toanh,14
toat,21
toc,1351
toe,1
toefl,15
toeic,8
toet,1
toi,7505
toilet,48
tokbokki,8
tokyo,701
tom,433
tomahawk,183
tomboy,15
tomcar,8
ton,777
tong,8008
toni,16
tony,16
top,2069
torreira,8
torres,15
toshiba,8
tot,1318
tottenham,1413
totti,8
touareg,24
touch,8
toulon,16
tour,166
toure,8
tow,24
tower,31
town,24
toyota,1419
toà,189
toàn,4068
toác,27
toán,1584
toát,45
toạc,3
toả,153
toản,30
toẹt,3
tp,3196
tpbank,31
tpcn,8
tphcm,15792
tpp,1262
tq,126
tra,13776
trac,146
trach,729
trafford,222
trai,6615
trail,49
trailblazer,40
tram,2168
tramontana,8
tran,5070
trang,8007
tranh,12904
transporter,7
trao,2006
traore,24
trap,2
traphaco,24
trat,84
trau,114
trax,15
tray,124
trd,8
tre,2477
tren,6119
trend,15
treo,1188
tret,1
treu,25
tri,4480
tria,2
trich,746
trick,126
trident,8
trie,33
trien,1556
triet,145
trieu,13677
trinh,2568
tristan,8
trit,4
triton,40
triu,20
triumf,8
triumph,16
triê,96
triên,3
triêu,3
triêụ,3
triẹ,3
triết,51
triền,15
triều,9024
triển,2337
triệt,171
triệu,11934
tro,7415
troc,34
trofeo,16
troi,774
troll,7
trom,155
tron,1082
trong,52692
trot,21
troussier,62
troy,7
tru,967
trua,232
truan,6
truat,65
truc,1469
trudeau,32
trui,6
truiden,14
truidense,702
trum,354
trump,34164
trumpcare,7
trun,2
trung,69351
truo,11
truoc,6007
truon,2
truong,10156
truot,125
trust,16
trustbank,39
trut,69
truu,2
truy,4024
truye,2
truyen,955
truyê,6
truyền,1428
truyện,33
truân,9
truất,102
trà,315
tràm,6
tràn,486
tràng,27
trành,6
trào,192
tràu,3
trá,60
trác,9
trách,1062
trái,1791
trám,9
trán,144
tráng,132
tránh,1131
tráo,18
tráp,3
trát,12
trâm,24
trân,33
trâu,162
trây,3
trãi,6
trèo,21
tréo,6
trét,3
trê,6
trên,9225
trêu,45
trì,579
trình,2706
trí,1506
trích,1125
trò,1125
tròn,153
tròng,12
tróc,3
trói,87
trót,24
trô,3
trôi,147
trôn,6
trông,174
trù,12
trùm,669
trùn,3
trùng,258
trú,375
trúc,153
trúng,1311
trút,111
trăm,2289
trăn,45
trăng,492
trĩ,30
trĩnh,6
trĩu,33
trũ,3
trũng,21
trơ,42
trơn,81
trư,12
trưa,357
trưng,285
trươ,33
trương,450
trước,9078
trướng,117
trườn,3
trường,9699
trưởng,5592
trượng,9
trượt,201
trạch,48
trại,237
trạm,513
trạng,804
trả,3651
trải,381
trảm,99
trấn,252
trấu,9
trầm,381
trần,1476
trầu,6
trầy,39
trẩy,9
trận,5487
trật,126
trắc,183
trắm,18
trắng,1959
trặc,33
trẻ,3303
trẻo,6
trẽn,12
trề,9
trễ,72
trệ,21
trị,2934
trịa,3
trịch,21
trịnh,627
trịt,6
trọ,144
trọc,84
trọn,126
trọng,3117
trọt,9
trố,3
trốn,1125
trống,117
trồ,54
trồi,21
trồng,1020
trổ,84
trỗi,54
trội,99
trộm,258
trộn,111
trớ,12
trời,1023
trở,4347
trợ,5331
trợn,99
trụ,564
trục,675
trụi,15
trụy,9
trứ,3
trứng,231
trừ,300
trừng,1386
trừu,3
trữ,195
trực,1416
ts,474
ts1,8
tsitsipas,83
tskh,30
tsmc,8
tt,115
ttck,32
ttcn,8
ttdb,6
ttg,7
tttt,16
ttxd,8
ttxvn,8
ttđb,9
tu,17189
tua,61
tuabin,8
tuan,2032
tuat,51
tuatara,8
tuc,3088
tuchel,158
tucson,54
tue,85
tuech,2
tuesday,7
tui,420
tuk,7
tum,152
tung,5050
tuo,3
tuoc,114
tuoi,2263
tuon,54
tuong,5773
tuot,32
tup,1
turbo,53
turin,14
turkmen,8
turkmenistan,24
tut,109
tuu,94
tuy,395
tuye,2
tuyen,9727
tuyet,510
tuyp,8
tuyt,34
tuyê,6
tuyên,3180
tuyến,1224
tuyết,135
tuyền,21
tuyển,10545
tuyệt,687
tuâ,3
tuân,111
tuô,3
tuông,3
tuý,48
tuýp,9
tuýt,96
tuấn,552
tuất,81
tuần,2520
tuế,3
tuếch,3
tuệ,126
tuốt,6
tuồn,96
tuổi,3267
tuộc,21
tuột,48
tuỳ,18
tuỵ,3
tv,63
tw,101
tw3,8
tweet,32
twente,8
twin,23
twitter,277
tx,8
tx4,8
ty,17176
type,47
typhoon,31
tyson,261
tà,57
tài,6444
tàn,303
tàng,240
tành,9
tào,18
tàu,4962
tày,6
tá,252
tác,2184
tách,132
tái,1869
tám,33
tán,372
táng,117
táo,297
táp,24
tát,132
tâ,6
tâm,2814
tân,1569
tâng,3
tây,1974
tã,9
tè,3
té,48
técníc,6
tém,3
tép,15
tét,15
tê,189
tên,4869
tênh,3
tì,15
tìm,3027
tình,4263
tí,90
tía,18
tích,1659
tím,120
tín,816
tính,6501
tít,12
tíu,9
tò,36
tòa,1068
tòng,12
tóc,324
tóe,3
tóm,297
tóp,33
tô,4932
tôi,2304
tôm,411
tôn,330
tông,300
tù,780
tùng,168
tùy,72
tú,111
túc,156
túi,711
túm,18
túng,216
túp,3
tút,3
túy,375
túyp,3
tý,87
tăm,57
tăng,11634
tđtdtt,9
tĩnh,756
tĩu,6
tơ,42
tơi,57
tư,3849
tưng,165
tươ,6
tươi,291
tương,816
tước,159
tưới,3
tướng,5628
tường,315
tưởi,6
tưởng,726
tượng,2064
tạ,123
tạc,60
tại,18636
tạm,1824
tạng,33
tạo,2952
tạp,414
tạt,66
tả,93
tải,1686
tản,27
tảng,105
tảo,54
tấc,21
tấm,315
tấn,3915
tấp,120
tất,951
tấu,24
tầm,861
tần,24
tầng,465
tầu,6
tẩm,27
tẩn,6
tẩu,255
tẩy,312
tận,393
tập,5007
tật,297
tậu,72
tắc,663
tắm,114
tắn,15
tắp,3
tắt,159
tằm,21
tằng,6
tặc,177
tặng,1305
tẹo,3
tẻ,9
tẽn,3
tế,6441
tết,5142
tề,27
tền,3
tể,3
tễ,12
tễnh,9
tệ,690
tệch,3
tỉ,1239
tỉa,48
tỉnh,2307
tị,105
tịch,3573
tịt,66
tịu,3
tọa,18
tỏ,198
tỏa,1971
tỏi,39
tố,3312
tốc,1641
tối,2457
tốn,216
tống,210
tốp,21
tốt,2040
tồ,3
tồi,171
tồn,366
tổ,1773
tổn,258
tổng,11631
tộ,3
tộc,243
tội,1344
tột,42
tới,5718
tờ,297
tời,9
tợn,30
tụ,180
tục,3969
tụi,3
tụng,66
tụt,183
tụy,57
tủ,51
tủa,3
tủi,24
tứ,636
tức,594
từ,13389
từng,2253
tử,3891
tự,3732
tựa,78
tựu,141
tỳ,3
tỵ,9
tỷ,14520
u,1016
u15,104
u16,8
u18,248
u19,1032
u20,71
u21,48
u22,3626
u23,6481
u40,32
u5,8
u50,16
u60,32
u70,40
u80,16
u90,8
ua,65
uae,2902
uan,8
uat,26
uav,255
ub,24
uber,1024
ubers,8
ubkt,86
ubnd,1046
ubs,7
uc,305
ucraina,8
udinese,8
ue,18
uefa,324
ufc,79
uganda,8
uglegorsk,8
ui,18
ukraina,146
ukraine,9525
ulchi,7
ulreich,8
ulsan,71
ultra,128
ultrecht,8
ulyanovsk,7
un,4897
unai,32
unclos,16
under,8
unesco,40
ung,6843
unhcr,8
unicef,8
unilever,30
uniqlo,8
united,1521
uo,1
uoc,301
uoi,2
uom,8
uon,10
uong,449
uop,20
uot,23
up,131
upamecano,8
urals,8
uran,7
uranium,16
urap,16
uruguay,119
urus,8
us,144
usb,7
uscent,7
usd,13504
uski,7
uss,72
ut,196
utah,8
utd,7237
utrecht,7
utv,8
uu,632
uv,8
uy,1449
uyen,2
uyên,3
uzbekistan,362
uzebekistan,8
uô,3
uông,3
uý,15
uất,39
uẩn,15
uế,18
uể,9
uốn,12
uống,459
uổng,6
uột,24
uỷ,132
v,4024
v19,8
v4,8
v8,16
va,9849
vac,2423
vaccine,167
vach,177
vafi,59
vai,1513
valencia,337
valentine,158
vali,160
valladolid,23
valverde,8
vam,8
vama,8
vamc,126
van,10830
vang,4368
vanga,32
vanh,138
vanzant,8
vao,7506
vap,52
var,248
varane,24
vardy,39
vasep,32
vat,1063
vathanaka,8
vatican,8
vau,5
vauxall,8
vax,22
vay,3538
vcb,8
vcbs,14
vcci,239
vccorp,269
vci,8
vck,128
vcsc,8
vdqg,4
vdv,67
ve,13681
veam,23
vec,8
vegas,32
velvet,8
vem,6
ven,714
venezuela,3007
venh,20
venue,8
veo,145
vepr,37
vero,112
versys,7
vertonghen,8
vertu,7
vespa,24
vest,31
vet,249
vetc,8
vettel,8
veyron,136
vfa,7
vff,1406
vfis,8
vh,35
vhm,24
vhnt,56
vi,15189
via,381
viagra,8
viags,8
vib,23
vic,23
vicarage,8
vicem,24
victoria,7
victory,7
victory8,8
vidal,55
video,3233
videographics,7
vidic,8
vie,27
viec,5893
vielott,8
viem,273
vien,8436
vieng,26
vienna,23
vientiane,8
vieri,7
viet,18501
vietabank,15
vietbank,16
vietcom,8
vietcombank,111
vietel,8
vietgap,8
vietinbanh,7
vietinbank,79
vietjet,119
vietlot,8
vietlott,508
vietnam,791
vietnamworks,24
vietsovpetro,7
viettel,1007
view,196
views,7
viglacera,15
vigo,107
viii,16
viktoria,8
vilaco,8
villa,185
villarreal,93
vimedimex,32
vin,20
vina,32
vinacapital,15
vinachem,227
vinacomin,95
vinaconex,435
vinafood,40
vinai,7
vinalines,497
vinamilk,384
vinaphone,15
vinashin,81
vinashinlines,48
vinastas,175
vinasun,80
vinataba,16
vinatex,30
vinaxuki,77
vincom,8
vincommerce,8
vineco,8
vinfast,661
vingroup,395
vinh,2368
vinhomes,119
vinmart,101
vinmec,32
vinpearl,48
vinpro,7
vinschool,8
vinsmart,40
violin,7
vios,275
vip,177
vipha,16
virginia,31
virus,6751
virut,8
visa,206
vision,16
vissan,8
vit,114
vitality,7
vitamin,7
vitko,7
vitv,7
viu,4
viva,8
vivo,48
viwasupco,31
viê,72
viêm,414
viên,9390
viẹ,9
viếng,39
viết,411
viền,9
viềng,3
viển,6
viễn,180
việc,9129
viện,3588
việt,27618
vj458,8
vks,31
vksnd,112
vladimir,56
vladivostok,7
vlog,156
vloger,8
vlogger,16
vn,3259
vn0054,15
vn166,8
vn18,8
vn213,8
vn30,23
vn54,8
vna,16
vnah,24
vncb,293
vncert,8
vnd,818
vng,8
vnpay,16
vnpost,8
vnpt,23
vnrea,14
vnsteel,8
vnđ,3
vo,4631
voc,50
vogue,24
voi,13612
voiture,8
volfarm,8
volkswagen,615
volley,8
volvo,88
vom,62
von,1092
vonfram,8
vong,7272
vot,600
vpb,16
vpbank,126
vpf,332
vphc,8
vqg,8
vs,23
vsetgroup,16
vsmart,159
vssid,115
vt,8
vtc,8
vtec,8
vtv,87
vu,10660
vua,2268
vuc,828
vui,2671
vuitton,16
vun,80
vung,2017
vuo,4
vuon,583
vuong,632
vuot,1827
vut,82
vuông,39
vuốt,6
vuột,12
vx,8
vy,53
và,13383
vài,402
vàn,15
vàng,5721
vành,258
vào,11313
vá,63
vác,75
vách,63
ván,153
váng,150
vánh,15
vát,6
váy,78
vâ,9
vân,279
vâu,6
vây,513
vã,120
vãi,3
vãn,63
vãng,12
vèo,6
vé,1281
vén,48
véo,6
vét,84
vê,45
vênh,45
vì,15792
ví,153
vía,189
vít,36
víu,12
vò,9
vòi,75
vòm,93
vòng,2172
vó,108
vóc,75
vón,3
vót,36
vô,2781
vông,9
võ,957
võng,18
vù,6
vùi,213
vùn,18
vùng,2151
vú,300
vút,18
văn,5283
văng,120
vđqg,6
vđv,102
vĩ,117
vĩnh,705
vũ,4104
vũng,219
vơ,105
vươ,12
vươn,237
vương,354
vướng,195
vườn,666
vượng,435
vượt,2832
vạ,108
vạch,234
vại,12
vạm,12
vạn,297
vạng,3
vạt,9
vả,99
vải,378
vảy,6
vấn,2397
vấp,84
vất,96
vấy,3
vần,30
vầng,3
vầy,48
vẩu,3
vẩy,6
vẫn,6132
vẫy,39
vận,1263
vật,1332
vậy,90
vắc,3615
vắng,741
vắt,87
vặn,9
vặt,57
vẹ,3
vẹm,9
vẹn,60
vẹo,9
vẹt,3
vẻ,498
vẻn,9
vẻo,6
vẽ,159
vế,45
vết,342
về,16665
vệ,2061
vệt,3
vỉ,3
vỉa,396
vị,1791
vịn,6
vịnh,237
vịt,195
vọng,1908
vọt,774
vỏ,264
vỏn,18
vối,3
vốn,1695
vống,3
vồng,15
vỗ,33
vội,315
vớ,36
với,19410
vớt,66
vờ,45
vời,165
vờn,9
vở,27
vỡ,1173
vợ,1803
vợt,126
vụ,11676
vụn,69
vụng,15
vụt,66
